# Final temperature field (shape (100, 100))
0.000000,0.000000,0.000000,0.000000,0.000000,0.000000,0.000000,0.000000,0.000000,0.000000,0.000000,0.000000,0.000000,0.000000,0.000000,0.000000,0.000000,0.000000,0.000000,0.000000,0.000000,0.000000,0.000000,0.000000,0.000000,0.000000,0.000000,0.000000,0.000000,0.000000,0.000000,0.000000,0.000000,0.000000,0.000000,0.000000,0.000000,0.000000,0.000000,0.000000,0.000000,0.000000,0.000000,0.000000,0.000000,0.000000,0.000000,0.000000,0.000000,0.000000,0.000000,0.000000,0.000000,0.000000,0.000000,0.000000,0.000000,0.000000,0.000000,0.000000,0.000000,0.000000,0.000000,0.000000,0.000000,0.000000,0.000000,0.000000,0.000000,0.000000,0.000000,0.000000,0.000000,0.000000,0.000000,0.000000,0.000000,0.000000,0.000000,0.000000,0.000000,0.000000,0.000000,0.000000,0.000000,0.000000,0.000000,0.000000,0.000000,0.000000,0.000000,0.000000,0.000000,0.000000,0.000000,0.000000,0.000000,0.000000,0.000000,0.000000
0.000000,0.026112,0.052127,0.077948,0.103479,0.128626,0.153298,0.177407,0.200867,0.223597,0.245522,0.266568,0.286669,0.305765,0.323800,0.340726,0.356500,0.371085,0.384452,0.396579,0.407448,0.417051,0.425383,0.432448,0.438255,0.442819,0.446160,0.448305,0.449285,0.449134,0.447894,0.445609,0.442324,0.438091,0.432964,0.426996,0.420245,0.412769,0.404629,0.395882,0.386591,0.376814,0.366610,0.356039,0.345157,0.334020,0.322682,0.311195,0.299609,0.287970,0.276326,0.264716,0.253182,0.241760,0.230485,0.219386,0.208493,0.197831,0.187422,0.177286,0.167441,0.157900,0.148677,0.139780,0.131217,0.122992,0.115110,0.107570,0.100373,0.093516,0.086996,0.080806,0.074942,0.069396,0.064158,0.059220,0.054572,0.050202,0.046101,0.042256,0.038655,0.035285,0.032136,0.029193,0.026444,0.023876,0.021477,0.019234,0.017134,0.015165,0.013315,0.011571,0.009921,0.008352,0.006854,0.005414,0.004020,0.002661,0.001324,0.000000
0.000000,0.052127,0.104060,0.155606,0.206574,0.256777,0.306033,0.354165,0.401004,0.446389,0.490165,0.532191,0.572333,0.610470,0.646492,0.680301,0.711812,0.740953,0.767665,0.791902,0.813631,0.832833,0.849501,0.863641,0.875270,0.884418,0.891128,0.895449,0.897444,0.897184,0.894749,0.890225,0.883707,0.875295,0.865096,0.853217,0.839775,0.824884,0.808663,0.791231,0.772708,0.753214,0.732866,0.711781,0.690073,0.667853,0.645229,0.622305,0.599180,0.575949,0.552702,0.529523,0.506492,0.483682,0.461161,0.438992,0.417231,0.395928,0.375130,0.354876,0.335199,0.316130,0.297692,0.279905,0.262783,0.246337,0.230572,0.215492,0.201095,0.187377,0.174331,0.161946,0.150209,0.139107,0.128622,0.118736,0.109428,0.100678,0.092463,0.084760,0.077545,0.070794,0.064481,0.058582,0.053071,0.047923,0.043112,0.038613,0.034401,0.030451,0.026738,0.023237,0.019924,0.016775,0.013766,0.010874,0.008075,0.005344,0.002661,0.000000
0.000000,0.077948,0.155606,0.232687,0.308905,0.383981,0.457644,0.529631,0.599687,0.667572,0.733058,0.795931,0.855992,0.913060,0.966971,1.017578,1.064755,1.108394,1.148405,1.184720,1.217290,1.246085,1.271095,1.292328,1.309810,1.323585,1.333715,1.340276,1.343359,1.343070,1.339527,1.332861,1.323211,1.310727,1.295566,1.277892,1.257875,1.235688,1.211507,1.185511,1.157877,1.128785,1.098410,1.066926,1.034504,1.001310,0.967504,0.933243,0.898675,0.863941,0.829176,0.794507,0.760052,0.725922,0.692218,0.659035,0.626456,0.594558,0.563410,0.533070,0.503591,0.475016,0.447383,0.420719,0.395048,0.370385,0.346740,0.324117,0.302515,0.281928,0.262344,0.243750,0.226125,0.209450,0.193698,0.178842,0.164853,0.151699,0.139347,0.127762,0.116908,0.106749,0.097248,0.088367,0.080068,0.072313,0.065064,0.058284,0.051934,0.045977,0.040376,0.035094,0.030094,0.025340,0.020797,0.016429,0.012200,0.008075,0.004020,0.000000
0.000000,0.103479,0.206574,0.308905,0.410094,0.509772,0.607579,0.703166,0.796199,0.886357,0.973338,1.056860,1.136659,1.212494,1.284148,1.351427,1.414162,1.472210,1.525452,1.573797,1.617179,1.655558,1.688919,1.717272,1.740652,1.759117,1.772745,1.781637,1.785915,1.785717,1.781199,1.772532,1.759901,1.743504,1.723549,1.700251,1.673834,1.644529,1.612568,1.578187,1.541623,1.503110,1.462883,1.421172,1.378203,1.334197,1.289366,1.243917,1.198047,1.151945,1.105790,1.059749,1.013981,0.968632,0.923839,0.879725,0.836404,0.793979,0.752539,0.712165,0.672926,0.634881,0.598079,0.562560,0.528354,0.495483,0.463961,0.433793,0.404978,0.377509,0.351372,0.326548,0.303012,0.280737,0.259690,0.239834,0.221131,0.203538,0.187013,0.171508,0.156978,0.143373,0.130645,0.118743,0.107617,0.097217,0.087492,0.078391,0.069865,0.061864,0.054338,0.047237,0.040513,0.034119,0.028005,0.022125,0.016431,0.010876,0.005415,0.000000
0.000000,0.128626,0.256777,0.383981,0.509772,0.633691,0.755294,0.874147,0.989836,1.101965,1.210159,1.314067,1.413363,1.507748,1.596952,1.680734,1.758884,1.831224,1.897606,1.957915,2.012070,2.060019,2.101743,2.137253,2.166590,2.189825,2.207054,2.218401,2.224015,2.224066,2.218746,2.208266,2.192854,2.172754,2.148222,2.119526,2.086943,2.050755,2.011252,1.968725,1.923467,1.875770,1.825923,1.774213,1.720919,1.666315,1.610666,1.554228,1.497246,1.439955,1.382578,1.325323,1.268388,1.211956,1.156197,1.101266,1.047304,0.994440,0.942788,0.892447,0.843506,0.796038,0.750107,0.705761,0.663040,0.621973,0.582577,0.544860,0.508823,0.474457,0.441745,0.410666,0.381189,0.353280,0.326899,0.302002,0.278541,0.256465,0.235719,0.216247,0.197990,0.180889,0.164882,0.149908,0.135904,0.122807,0.110554,0.099082,0.088329,0.078233,0.068731,0.059762,0.051266,0.043182,0.035449,0.028009,0.020803,0.013772,0.006857,0.000000
0.000000,0.153298,0.306033,0.457644,0.607579,0.755294,0.900260,1.041964,1.179914,1.313639,1.442694,1.566663,1.685157,1.797822,1.904336,2.004412,2.097799,2.184285,2.263693,2.335885,2.400763,2.458265,2.508364,2.551073,2.586440,2.614544,2.635500,2.649453,2.656576,2.657070,2.651162,2.639100,2.621153,2.597610,2.568773,2.534958,2.496494,2.453716,2.406965,2.356588,2.302931,2.246342,2.187163,2.125736,2.062392,1.997457,1.931247,1.864067,1.796208,1.727951,1.659562,1.591290,1.523372,1.456026,1.389456,1.323848,1.259372,1.196183,1.134417,1.074195,1.015624,0.958794,0.903780,0.850645,0.799435,0.750187,0.702924,0.657656,0.614386,0.573104,0.533793,0.496426,0.460971,0.427386,0.395625,0.365637,0.337365,0.310749,0.285724,0.262224,0.240179,0.219519,0.200170,0.182059,0.165112,0.149254,0.134409,0.120502,0.107459,0.095205,0.083665,0.072767,0.062436,0.052601,0.043190,0.034131,0.025353,0.016785,0.008358,0.000000
0.000000,0.177407,0.354165,0.529631,0.703166,0.874147,1.041964,1.206026,1.365767,1.520643,1.670143,1.813786,1.951124,2.081747,2.205284,2.321404,2.429816,2.530273,2.622570,2.706548,2.782089,2.849119,2.907608,2.957566,2.999044,3.032135,3.056965,3.073700,3.082536,3.083703,3.077459,3.064088,3.043897,3.017217,2.984395,2.945793,2.901788,2.852764,2.799115,2.741237,2.679532,2.614397,2.546229,2.475420,2.402354,2.327406,2.250942,2.173313,2.094858,2.015902,1.936752,1.857699,1.779016,1.700959,1.623763,1.547648,1.472810,1.399431,1.327671,1.257672,1.189560,1.123441,1.059404,0.997524,0.937859,0.880450,0.825328,0.772508,0.721993,0.673774,0.627835,0.584145,0.542667,0.503358,0.466163,0.431025,0.397879,0.366656,0.337283,0.309683,0.283777,0.259483,0.236717,0.215394,0.195427,0.176731,0.159217,0.142799,0.127389,0.112902,0.099250,0.086347,0.074109,0.062451,0.051288,0.040537,0.030116,0.019940,0.009929,0.000000
0.000000,0.200867,0.401004,0.599687,0.796199,0.989836,1.179914,1.365767,1.546756,1.722271,1.891735,2.054605,2.210376,2.358587,2.498817,2.630692,2.753882,2.868107,2.973135,3.068782,3.154913,3.231444,3.298335,3.355595,3.403280,3.441488,3.470360,3.490077,3.500859,3.502961,3.496669,3.482301,3.460200,3.430735,3.394295,3.351285,3.302128,3.247256,3.187109,3.122136,3.052784,2.979504,2.902741,2.822938,2.740528,2.655934,2.569569,2.481832,2.393107,2.303760,2.214141,2.124579,2.035387,1.946855,1.859251,1.772825,1.687804,1.604395,1.522781,1.443128,1.365578,1.290257,1.217268,1.146699,1.078617,1.013074,0.950106,0.889733,0.831961,0.776785,0.724185,0.674131,0.626584,0.581493,0.538803,0.498447,0.460355,0.424450,0.390649,0.358868,0.329016,0.301002,0.274731,0.250107,0.227032,0.205409,0.185137,0.166119,0.148255,0.131446,0.115594,0.100601,0.086369,0.072802,0.059803,0.047277,0.035128,0.023262,0.011584,0.000000
0.000000,0.223597,0.446389,0.667572,0.886357,1.101965,1.313639,1.520643,1.722271,1.917848,2.106733,2.288327,2.462070,2.627449,2.783997,2.931299,3.068987,3.196750,3.314326,3.421509,3.518148,3.604142,3.679447,3.744068,3.798060,3.841530,3.874628,3.897552,3.910539,3.913866,3.907848,3.892831,3.869193,3.837337,3.797689,3.750698,3.696827,3.636552,3.570360,3.498743,3.422199,3.341224,3.256312,3.167951,3.076623,2.982799,2.886935,2.789476,2.690848,2.591460,2.491703,2.391945,2.292534,2.193795,2.096031,1.999521,1.904521,1.811264,1.719958,1.630791,1.543926,1.459505,1.377647,1.298453,1.222003,1.148358,1.077560,1.009637,0.944599,0.882442,0.823148,0.766686,0.713016,0.662084,0.613830,0.568182,0.525064,0.484391,0.446074,0.410019,0.376127,0.344295,0.314421,0.286396,0.260112,0.235461,0.212330,0.190611,0.170192,0.150961,0.132810,0.115627,0.099303,0.083729,0.068797,0.054399,0.040427,0.026774,0.013334,0.000000
0.000000,0.245522,0.490165,0.733058,0.973338,1.210159,1.442694,1.670143,1.891735,2.106733,2.314440,2.514199,2.705400,2.887481,3.059932,3.222296,3.374171,3.515212,3.645132,3.763702,3.870750,3.966166,4.049893,4.121933,4.182342,4.231229,4.268754,4.295126,4.310599,4.315471,4.310078,4.294795,4.270028,4.236213,4.193811,4.143308,4.085204,4.020018,3.948278,3.870520,3.787285,3.699113,3.606544,3.510111,3.410340,3.307745,3.202828,3.096076,2.987956,2.878919,2.769394,2.659787,2.550482,2.441838,2.334192,2.227852,2.123104,2.020207,1.919394,1.820874,1.724832,1.631427,1.540797,1.453054,1.368293,1.286584,1.207980,1.132514,1.060201,0.991041,0.925018,0.862103,0.802254,0.745415,0.691522,0.640501,0.592269,0.546736,0.503805,0.463374,0.425336,0.389580,0.355992,0.324455,0.294851,0.267058,0.240956,0.216422,0.193335,0.171571,0.151008,0.131524,0.112997,0.095307,0.078332,0.061953,0.046049,0.030501,0.015191,0.000000
0.000000,0.266568,0.532191,0.795931,1.056860,1.314067,1.566663,1.813786,2.054605,2.288327,2.514199,2.731513,2.939611,3.137885,3.325783,3.502809,3.668526,3.822560,3.964597,4.094384,4.211732,4.316516,4.408670,4.488189,4.555127,4.609595,4.651760,4.681840,4.700102,4.706860,4.702473,4.687335,4.661881,4.626575,4.581909,4.528401,4.466588,4.397026,4.320280,4.236926,4.147546,4.052722,3.953034,3.849058,3.741362,3.630502,3.517022,3.401447,3.284287,3.166031,3.047145,2.928073,2.809234,2.691021,2.573801,2.457915,2.343676,2.231369,2.121255,2.013563,1.908501,1.806246,1.706953,1.610751,1.517746,1.428022,1.341639,1.258640,1.179047,1.102864,1.030079,0.960664,0.894576,0.831761,0.772151,0.715670,0.662230,0.611735,0.564084,0.519167,0.476869,0.437071,0.399650,0.364479,0.331430,0.300373,0.271174,0.243701,0.217821,0.193398,0.170300,0.148391,0.127539,0.107610,0.088470,0.069989,0.052032,0.034470,0.017169,0.000000
0.000000,0.286669,0.572333,0.855992,1.136659,1.413363,1.685157,1.951124,2.210376,2.462070,2.705400,2.939611,3.163999,3.377914,3.580764,3.772016,3.951202,4.117917,4.271820,4.412638,4.540163,4.654253,4.754832,4.841887,4.915470,4.975690,5.022718,5.056778,5.078148,5.087156,5.084176,5.069623,5.043953,5.007655,4.961248,4.905280,4.840320,4.766954,4.685784,4.597422,4.502485,4.401594,4.295368,4.184422,4.069362,3.950783,3.829269,3.705384,3.579674,3.452667,3.324866,3.196748,3.068768,2.941352,2.814898,2.689777,2.566330,2.444871,2.325684,2.209023,2.095115,1.984160,1.876330,1.771769,1.670600,1.572916,1.478793,1.388279,1.301405,1.218182,1.138601,1.062638,0.990252,0.921388,0.855980,0.793947,0.735199,0.679636,0.627151,0.577629,0.530948,0.486981,0.445597,0.406660,0.370034,0.335576,0.303145,0.272597,0.243786,0.216569,0.190799,0.166330,0.143016,0.120713,0.099275,0.078557,0.058414,0.038703,0.019280,0.000000
0.000000,0.305765,0.610470,0.913060,1.212494,1.507748,1.797822,2.081747,2.358587,2.627449,2.887481,3.137885,3.377914,3.606878,3.824149,4.029160,4.221411,4.400468,4.565966,4.717610,4.855172,4.978495,5.087490,5.182137,5.262479,5.328625,5.380746,5.419070,5.443882,5.455520,5.454370,5.440863,5.415473,5.378710,5.331116,5.273264,5.205749,5.129188,5.044213,4.951466,4.851600,4.745267,4.633123,4.515818,4.393994,4.268283,4.139304,4.007658,3.873928,3.738675,3.602438,3.465728,3.329034,3.192812,3.057493,2.923478,2.791135,2.660804,2.532796,2.407389,2.284831,2.165344,2.049117,1.936314,1.827070,1.721496,1.619676,1.521672,1.427523,1.337246,1.250839,1.168282,1.089538,1.014554,0.943262,0.875582,0.811421,0.750678,0.693240,0.638987,0.587791,0.539520,0.494034,0.451190,0.410841,0.372838,0.337027,0.303256,0.271368,0.241208,0.212617,0.185440,0.159517,0.134693,0.110809,0.087708,0.065233,0.043228,0.021536,0.000000
0.000000,0.323800,0.646492,0.966971,1.284148,1.596952,1.904336,2.205284,2.498817,2.783997,3.059932,3.325783,3.580764,3.824149,4.055276,4.273546,4.478430,4.669466,4.846266,5.008511,5.155955,5.288426,5.405820,5.508107,5.595322,5.667570,5.725018,5.767896,5.796494,5.811154,5.812272,5.800292,5.775700,5.739022,5.690821,5.631688,5.562243,5.483126,5.394996,5.298523,5.194387,5.083274,4.965868,4.842852,4.714901,4.582681,4.446843,4.308022,4.166834,4.023876,3.879717,3.734903,3.589952,3.445355,3.301570,3.159028,3.018126,2.879231,2.742677,2.608769,2.477778,2.349944,2.225479,2.104564,1.987351,1.873966,1.764506,1.659044,1.557631,1.460292,1.367034,1.277840,1.192679,1.111501,1.034240,0.960815,0.891134,0.825093,0.762577,0.703461,0.647613,0.594895,0.545159,0.498257,0.454033,0.412328,0.372980,0.335827,0.300702,0.267439,0.235868,0.205822,0.177131,0.149625,0.123136,0.097493,0.072528,0.048070,0.023950,0.000000
0.000000,0.340726,0.680301,1.017578,1.351427,1.680734,2.004412,2.321404,2.630692,2.931299,3.222296,3.502809,3.772016,4.029160,4.273546,4.504547,4.721604,4.924232,5.112017,5.284621,5.441778,5.583297,5.709063,5.819030,5.913227,5.991750,6.054761,6.102489,6.135223,6.153308,6.157145,6.147185,6.123925,6.087902,6.039694,5.979908,5.909181,5.828175,5.737568,5.638056,5.530344,5.415142,5.293163,5.165117,5.031710,4.893637,4.751579,4.606203,4.458156,4.308065,4.156532,4.004132,3.851416,3.698901,3.547079,3.396406,3.247309,3.100181,2.955383,2.813242,2.674053,2.538080,2.405553,2.276673,2.151610,2.030506,1.913472,1.800597,1.691940,1.587539,1.487408,1.391539,1.299905,1.212461,1.129144,1.049877,0.974566,0.903107,0.835383,0.771267,0.710623,0.653306,0.599167,0.548047,0.499784,0.454213,0.411161,0.370457,0.331925,0.295387,0.260665,0.227578,0.195946,0.165588,0.136321,0.107965,0.080337,0.053254,0.026536,0.000000
0.000000,0.356500,0.711812,1.064755,1.414162,1.758884,2.097799,2.429816,2.753882,3.068987,3.374171,3.668526,3.951202,4.221411,4.478430,4.721604,4.950351,5.164159,5.362593,5.545293,5.711975,5.862430,5.996527,6.114208,6.215488,6.300454,6.369263,6.422135,6.459358,6.481276,6.488291,6.480856,6.459475,6.424692,6.377093,6.317299,6.245960,6.163753,6.071373,5.969535,5.858964,5.740394,5.614559,5.482195,5.344032,5.200793,5.053186,4.901907,4.747630,4.591011,4.432681,4.273246,4.113283,3.953342,3.793938,3.635560,3.478659,3.323656,3.170936,3.020853,2.873725,2.729838,2.589445,2.452764,2.319987,2.191271,2.066744,1.946510,1.830640,1.719184,1.612166,1.509588,1.411429,1.317651,1.228194,1.142985,1.061933,0.984934,0.911869,0.842612,0.777022,0.714952,0.656247,0.600743,0.548271,0.498658,0.451726,0.407291,0.365171,0.325177,0.287120,0.250809,0.216052,0.182656,0.150428,0.119174,0.088698,0.058807,0.029306,0.000000
0.000000,0.371085,0.740953,1.108394,1.472210,1.831224,2.184285,2.530273,2.868107,3.196750,3.515212,3.822560,4.117917,4.400468,4.669466,4.924232,5.164159,5.388714,5.597439,5.789954,5.965956,6.125219,6.267594,6.393008,6.501464,6.593036,6.667870,6.726180,6.768245,6.794405,6.805059,6.800661,6.781713,6.748764,6.702405,6.643262,6.571996,6.489293,6.395863,6.292433,6.179745,6.058549,5.929601,5.793655,5.651466,5.503776,5.351320,5.194816,5.034968,4.872455,4.707936,4.542044,4.375384,4.208532,4.042033,3.876400,3.712113,3.549617,3.389326,3.231616,3.076830,2.925277,2.777231,2.632934,2.492594,2.356389,2.224464,2.096937,1.973896,1.855403,1.741493,1.632179,1.527449,1.427271,1.331594,1.240347,1.153442,1.070779,0.992240,0.917696,0.847008,0.780024,0.716584,0.656522,0.599663,0.545826,0.494827,0.446474,0.400574,0.356931,0.315345,0.275614,0.237537,0.200907,0.165521,0.131171,0.097652,0.064755,0.032274,0.000000
0.000000,0.384452,0.767665,1.148405,1.525452,1.897606,2.263693,2.622570,2.973135,3.314326,3.645132,3.964597,4.271820,4.565966,4.846266,5.112017,5.362593,5.597439,5.816077,6.018108,6.203207,6.371133,6.521718,6.654873,6.770584,6.868914,6.949994,7.014028,7.061283,7.092092,7.106847,7.105997,7.090040,7.059525,7.015042,6.957220,6.886723,6.804244,6.710500,6.606228,6.492182,6.369125,6.237827,6.099060,5.953594,5.802193,5.645612,5.484591,5.319856,5.152111,4.982038,4.810296,4.637515,4.464298,4.291215,4.118805,3.947575,3.777997,3.610507,3.445509,3.283368,3.124419,2.968956,2.817245,2.669513,2.525959,2.386746,2.252008,2.121850,1.996348,1.875551,1.759483,1.648143,1.541507,1.439531,1.342152,1.249287,1.160837,1.076688,0.996712,0.920768,0.848704,0.780358,0.715559,0.654127,0.595877,0.540615,0.488146,0.438266,0.390771,0.345451,0.302095,0.260489,0.220418,0.181664,0.144010,0.107236,0.071123,0.035451,0.000000
0.000000,0.396579,0.791902,1.184720,1.573797,1.957915,2.335885,2.706548,3.068782,3.421509,3.763702,4.094384,4.412638,4.717610,5.008511,5.284621,5.545293,5.789954,6.018108,6.229333,6.423291,6.599716,6.758426,6.899314,7.022349,7.127575,7.215111,7.285144,7.337930,7.373789,7.393102,7.396309,7.383901,7.356420,7.314452,7.258624,7.189600,7.108072,7.014761,6.910410,6.795779,6.671639,6.538771,6.397960,6.249989,6.095638,5.935678,5.770870,5.601957,5.429665,5.254698,5.077739,4.899440,4.720428,4.541300,4.362618,4.184915,4.008688,3.834399,3.662475,3.493307,3.327253,3.164631,3.005728,2.850796,2.700050,2.553675,2.411824,2.274618,2.142149,2.014481,1.891650,1.773669,1.660523,1.552178,1.448577,1.349646,1.255288,1.165395,1.079839,0.998482,0.921170,0.847741,0.778020,0.711824,0.648963,0.589239,0.532446,0.478377,0.426817,0.377548,0.330349,0.284996,0.241263,0.198920,0.157739,0.117489,0.077938,0.038852,0.000000
0.000000,0.407448,0.813631,1.217290,1.617179,2.012070,2.400763,2.782089,3.154913,3.518148,3.870750,4.211732,4.540163,4.855172,5.155955,5.441778,5.711975,5.965956,6.203207,6.423291,6.625846,6.810592,6.977325,7.125920,7.256329,7.368576,7.462762,7.539058,7.597704,7.639002,7.663322,7.671088,7.662780,7.638929,7.600114,7.546954,7.480106,7.400260,7.308135,7.204475,7.090040,6.965607,6.831962,6.689899,6.540210,6.383687,6.221115,6.053268,5.880908,5.704777,5.525601,5.344080,5.160890,4.976680,4.792070,4.607646,4.423965,4.241548,4.060883,3.882420,3.706577,3.533733,3.364232,3.198383,3.036459,2.878699,2.725307,2.576457,2.432287,2.292907,2.158397,2.028808,1.904164,1.784466,1.669688,1.559783,1.454683,1.354300,1.258529,1.167248,1.080319,0.997590,0.918898,0.844066,0.772911,0.705236,0.640839,0.579510,0.521033,0.465186,0.411743,0.360474,0.311144,0.263516,0.217353,0.172411,0.128450,0.085224,0.042489,0.000000
0.000000,0.417051,0.832833,1.246085,1.655558,2.060019,2.458265,2.849119,3.231444,3.604142,3.966166,4.316516,4.654253,4.978495,5.288426,5.583297,5.862430,6.125219,6.371133,6.599716,6.810592,7.003459,7.178095,7.334354,7.472168,7.591543,7.692558,7.775365,7.840182,7.887297,7.917058,7.929872,7.926206,7.906575,7.871543,7.821718,7.757747,7.680313,7.590128,7.487930,7.374478,7.250549,7.116929,6.974416,6.823808,6.665906,6.501502,6.331383,6.156324,5.977083,5.794400,5.608996,5.421565,5.232777,5.043272,4.853660,4.664521,4.476399,4.289805,4.105216,3.923072,3.743777,3.567699,3.395170,3.226487,3.061910,2.901667,2.745950,2.594917,2.448698,2.307389,2.171058,2.039744,1.913460,1.792194,1.675909,1.564546,1.458025,1.356248,1.259096,1.166437,1.078120,0.993983,0.913851,0.837535,0.764838,0.695554,0.629468,0.566357,0.505993,0.448141,0.392563,0.339016,0.287252,0.237023,0.188075,0.140155,0.093007,0.046375,0.000000
0.000000,0.425383,0.849501,1.271095,1.688919,2.101743,2.508364,2.907608,3.298335,3.679447,4.049893,4.408670,4.754832,5.087490,5.405820,5.709063,5.996527,6.267594,6.521718,6.758426,6.977325,7.178095,7.360492,7.524353,7.669585,7.796174,7.904176,7.993721,8.065006,8.118295,8.153915,8.172253,8.173756,8.158919,8.128289,8.082458,8.022059,7.947760,7.860264,7.760298,7.648616,7.525988,7.393199,7.251044,7.100326,6.941845,6.776402,6.604792,6.427798,6.246191,6.060726,5.872136,5.681135,5.488409,5.294620,5.100397,4.906343,4.713024,4.520974,4.330695,4.142649,3.957265,3.774936,3.596018,3.420830,3.249656,3.082746,2.920313,2.762538,2.609568,2.461520,2.318478,2.180498,2.047608,1.919809,1.797077,1.679363,1.566598,1.458689,1.355527,1.256981,1.162907,1.073144,0.987516,0.905837,0.827906,0.753515,0.682444,0.614466,0.549346,0.486843,0.426710,0.368694,0.312541,0.257990,0.204778,0.152641,0.101312,0.050521,0.000000
0.000000,0.432448,0.863641,1.292328,1.717272,2.137253,2.551073,2.957566,3.355595,3.744068,4.121933,4.488189,4.841887,5.182137,5.508107,5.819030,6.114208,6.393008,6.654873,6.899314,7.125920,7.334354,7.524353,7.695729,7.848370,7.982237,8.097363,8.193852,8.271877,8.331677,8.373554,8.397872,8.405051,8.395566,8.369942,8.328749,8.272602,8.202152,8.118085,8.021116,7.911985,7.791454,7.660301,7.519316,7.369297,7.211046,7.045366,6.873055,6.694903,6.511689,6.324179,6.133119,5.939236,5.743234,5.545792,5.347558,5.149154,4.951170,4.754161,4.558651,4.365128,4.174043,3.985812,3.800817,3.619401,3.441872,3.268501,3.099525,2.935147,2.775534,2.620823,2.471118,2.326491,2.186988,2.052624,1.923388,1.799245,1.680136,1.565978,1.456668,1.352083,1.252084,1.156513,1.065197,0.977949,0.894569,0.814846,0.738558,0.665473,0.595352,0.527946,0.463001,0.400258,0.339452,0.280313,0.222569,0.165945,0.110161,0.054940,0.000000
0.000000,0.438255,0.875270,1.309810,1.740652,2.166590,2.586440,2.999044,3.403280,3.798060,4.182342,4.555127,4.915470,5.262479,5.595322,5.913227,6.215488,6.501464,6.770584,7.022349,7.256329,7.472168,7.669585,7.848370,8.008387,8.149572,8.271934,8.375548,8.460562,8.527185,8.575693,8.606421,8.619763,8.616167,8.596131,8.560203,8.508972,8.443068,8.363157,8.269936,8.164130,8.046485,7.917769,7.778761,7.630253,7.473044,7.307932,7.135717,6.957192,6.773141,6.584337,6.391537,6.195479,5.996880,5.796435,5.594810,5.392645,5.190549,4.989100,4.788844,4.590290,4.393914,4.200157,4.009423,3.822079,3.638458,3.458855,3.283531,3.112709,2.946581,2.785303,2.628999,2.477761,2.331652,2.190703,2.054920,1.924280,1.798737,1.678218,1.562631,1.451860,1.345771,1.244213,1.147015,1.053992,0.964946,0.879664,0.797922,0.719485,0.644110,0.571542,0.501522,0.433782,0.368050,0.304048,0.241492,0.180099,0.119580,0.059644,0.000000
0.000000,0.442819,0.884418,1.323585,1.759117,2.189825,2.614544,3.032135,3.441488,3.841530,4.231229,4.609595,4.975690,5.328625,5.667570,5.991750,6.300454,6.593036,6.868914,7.127575,7.368576,7.591543,7.796174,7.982237,8.149572,8.298091,8.427773,8.538667,8.630889,8.704621,8.760105,8.797649,8.817613,8.820416,8.806528,8.776466,8.730793,8.670114,8.595069,8.506333,8.404611,8.290630,8.165142,8.028913,7.882724,7.727365,7.563628,7.392310,7.214203,7.030093,6.840757,6.646958,6.449444,6.248944,6.046164,5.841786,5.636468,5.430836,5.225489,5.020993,4.817879,4.616648,4.417762,4.221650,4.028704,3.839280,3.653697,3.472240,3.295157,3.122662,2.954931,2.792112,2.634316,2.481625,2.334088,2.191727,2.054534,1.922477,1.795496,1.673509,1.556410,1.444072,1.336350,1.233078,1.134076,1.039145,0.948074,0.860638,0.776600,0.695713,0.617719,0.542352,0.469339,0.398399,0.329246,0.261591,0.195137,0.129588,0.064643,0.000000
0.000000,0.446160,0.891128,1.333715,1.772745,2.207054,2.635500,3.056965,3.470360,3.874628,4.268754,4.651760,5.022718,5.380746,5.725018,6.054761,6.369263,6.667870,6.949994,7.215111,7.462762,7.692558,7.904176,8.097363,8.271934,8.427773,8.564832,8.683130,8.782752,8.863846,8.926623,8.971355,8.998371,9.008056,9.000846,8.977226,8.937729,8.882928,8.813436,8.729902,8.633004,8.523450,8.401969,8.269310,8.126240,7.973533,7.811976,7.642355,7.465459,7.282072,7.092972,6.898926,6.700688,6.498995,6.294563,6.088089,5.880244,5.671673,5.462990,5.254783,5.047604,4.841975,4.638383,4.437279,4.239079,4.044164,3.852878,3.665529,3.482389,3.303696,3.129650,2.960419,2.796137,2.636904,2.482791,2.333836,2.190049,2.051411,1.917877,1.789377,1.665815,1.547075,1.433017,1.323483,1.218297,1.117263,1.020173,0.926800,0.836909,0.750247,0.666556,0.585564,0.506993,0.430556,0.355959,0.282905,0.211089,0.140207,0.069947,0.000000
0.000000,0.448305,0.895449,1.340276,1.781637,2.218401,2.649453,3.073700,3.490077,3.897552,4.295126,4.681840,5.056778,5.419070,5.767896,6.102489,6.422135,6.726180,7.014028,7.285144,7.539058,7.775365,7.993721,8.193852,8.375548,8.538667,8.683130,8.808926,8.916105,9.004783,9.075135,9.127397,9.161861,9.178876,9.178842,9.162209,9.129474,9.081178,9.017901,8.940261,8.848907,8.744521,8.627809,8.499497,8.360332,8.211073,8.052491,7.885364,7.710471,7.528591,7.340500,7.146965,6.948742,6.746575,6.541189,6.333290,6.123562,5.912665,5.701230,5.489862,5.279135,5.069590,4.861737,4.656051,4.452970,4.252901,4.056211,3.863234,3.674266,3.489568,3.309365,3.133847,2.963170,2.797458,2.636798,2.481250,2.330841,2.185568,2.045402,1.910286,1.780136,1.654847,1.534288,1.418308,1.306737,1.199385,1.096044,0.996492,0.900491,0.807790,0.718127,0.631227,0.546806,0.464574,0.384231,0.305471,0.227984,0.151456,0.075567,0.000000
0.000000,0.449285,0.897444,1.343359,1.785915,2.224015,2.656576,3.082536,3.500859,3.910539,4.310599,4.700102,5.078148,5.443882,5.796494,6.135223,6.459358,6.768245,7.061283,7.337930,7.597704,7.840182,8.065006,8.271877,8.460562,8.630889,8.782752,8.916105,9.030966,9.127414,9.205587,9.265683,9.307956,9.332714,9.340320,9.331184,9.305765,9.264568,9.208136,9.137054,9.051938,8.953439,8.842235,8.719027,8.584538,8.439508,8.284689,8.120844,7.948740,7.769150,7.582840,7.390577,7.193117,6.991205,6.785572,6.576932,6.365980,6.153388,5.939802,5.725844,5.512106,5.299150,5.087505,4.877670,4.670107,4.465245,4.263477,4.065160,3.870615,3.680128,3.493949,3.312291,3.135334,2.963221,2.796064,2.633941,2.476899,2.324953,2.178089,2.036266,1.899413,1.767438,1.640219,1.517616,1.399464,1.285579,1.175759,1.069784,0.967417,0.868409,0.772495,0.679398,0.588833,0.500503,0.414104,0.329325,0.245848,0.163352,0.081512,0.000000
0.000000,0.449134,0.897184,1.343070,1.785717,2.224066,2.657070,3.083703,3.502961,3.913866,4.315471,4.706860,5.087156,5.455520,5.811154,6.153308,6.481276,6.794405,7.092092,7.373789,7.639002,7.887297,8.118295,8.331677,8.527185,8.704621,8.863846,9.004783,9.127414,9.231780,9.317983,9.386179,9.436581,9.469457,9.485127,9.483961,9.466376,9.432836,9.383847,9.319954,9.241739,9.149818,9.044837,8.927468,8.798407,8.658368,8.508084,8.348298,8.179764,8.003238,7.819481,7.629252,7.433303,7.232380,7.027216,6.818531,6.607027,6.393385,6.178268,5.962309,5.746118,5.530275,5.315331,5.101804,4.890180,4.680911,4.474414,4.271070,4.071226,3.875191,3.683241,3.495613,3.312509,3.134098,2.960513,2.791853,2.628184,2.469542,2.315930,2.167322,2.023664,1.884875,1.750847,1.621449,1.496525,1.375899,1.259374,1.146734,1.037746,0.932161,0.829714,0.730131,0.633120,0.538384,0.445614,0.354494,0.264702,0.175910,0.087788,0.000000
0.000000,0.447894,0.894749,1.339527,1.781199,2.218746,2.651162,3.077459,3.496669,3.907848,4.310078,4.702473,5.084176,5.454370,5.812272,6.157145,6.488291,6.805059,7.106847,7.393102,7.663322,7.917058,8.153915,8.373554,8.575693,8.760105,8.926623,9.075135,9.205587,9.317983,9.412384,9.488904,9.547716,9.589043,9.613160,9.620395,9.611121,9.585759,9.544772,9.488664,9.417980,9.333296,9.235223,9.124401,9.001494,8.867191,8.722196,8.567232,8.403032,8.230339,8.049900,7.862464,7.668776,7.469579,7.265606,7.057578,6.846204,6.632174,6.416157,6.198804,5.980737,5.762554,5.544823,5.328085,5.112845,4.899578,4.688726,4.480693,4.275851,4.074535,3.877042,3.683637,3.494546,3.309961,3.130037,2.954896,2.784627,2.619283,2.458888,2.303434,2.152881,2.007163,1.866187,1.729831,1.597952,1.470381,1.346929,1.227385,1.111521,0.999090,0.889830,0.783466,0.679706,0.578252,0.478791,0.381005,0.284567,0.189144,0.094402,0.000000
0.000000,0.445609,0.890225,1.332861,1.772532,2.208266,2.639100,3.064088,3.482301,3.892831,4.294795,4.687335,5.069623,5.440863,5.800292,6.147185,6.480856,6.800661,7.105997,7.396309,7.671088,7.929872,8.172253,8.397872,8.606421,8.797649,8.971355,9.127397,9.265683,9.386179,9.488904,9.573932,9.641390,9.691456,9.724361,9.740385,9.739856,9.723150,9.690684,9.642919,9.580357,9.503535,9.413024,9.309426,9.193374,9.065523,8.926549,8.777151,8.618038,8.449933,8.273567,8.089676,7.898996,7.702262,7.500204,7.293544,7.082991,6.869241,6.652973,6.434847,6.215497,5.995538,5.775556,5.556107,5.337719,5.120889,4.906080,4.693721,4.484207,4.277898,4.075118,3.876154,3.681257,3.490644,3.304494,3.122952,2.946128,2.774097,2.606902,2.444553,2.287030,2.134282,1.986229,1.842764,1.703755,1.569043,1.438447,1.311765,1.188773,1.069229,0.952875,0.839435,0.728622,0.620134,0.513659,0.408877,0.305457,0.203065,0.101360,0.000000
0.000000,0.442324,0.883707,1.323211,1.759901,2.192854,2.621153,3.043897,3.460200,3.869193,4.270028,4.661881,5.043953,5.415473,5.775700,6.123925,6.459475,6.781713,7.090040,7.383901,7.662780,7.926206,8.173756,8.405051,8.619763,8.817613,8.998371,9.161861,9.307956,9.436581,9.547716,9.641390,9.717685,9.776734,9.818720,9.843876,9.852481,9.844864,9.821394,9.782488,9.728601,9.660225,9.577892,9.482164,9.373635,9.252925,9.120681,8.977570,8.824275,8.661498,8.489948,8.310345,8.123413,7.929877,7.730459,7.525878,7.316843,7.104053,6.888191,6.669926,6.449904,6.228751,6.007069,5.785432,5.564386,5.344449,5.126105,4.909807,4.695973,4.484987,4.277197,4.072916,3.872421,3.675950,3.483710,3.295866,3.112553,2.933868,2.759875,2.590603,2.426051,2.266185,2.110941,1.960227,1.813922,1.671881,1.533933,1.399883,1.269516,1.142595,1.018867,0.898059,0.779887,0.664050,0.550236,0.438125,0.327385,0.217679,0.108666,0.000000
0.000000,0.438091,0.875295,1.310727,1.743504,2.172754,2.597610,3.017217,3.430735,3.837337,4.236213,4.626575,5.007655,5.378710,5.739022,6.087902,6.424692,6.748764,7.059525,7.356420,7.638929,7.906575,8.158919,8.395566,8.616167,8.820416,9.008056,9.178876,9.332714,9.469457,9.589043,9.691456,9.776734,9.844963,9.896276,9.930858,9.948939,9.950797,9.936754,9.907176,9.862471,9.803087,9.729509,9.642257,9.541885,9.428976,9.304140,9.168011,9.021245,8.864515,8.698508,8.523925,8.341472,8.151860,7.955804,7.754014,7.547197,7.336051,7.121262,6.903504,6.683433,6.461684,6.238872,6.015588,5.792395,5.569829,5.348396,5.128569,4.910790,4.695467,4.482971,4.273641,4.067777,3.865645,3.667472,3.473451,3.283738,3.098453,2.917683,2.741477,2.569854,2.402798,2.240262,2.082171,1.928419,1.778872,1.633371,1.491732,1.353748,1.219190,1.087812,0.959346,0.833511,0.710009,0.588531,0.468757,0.350356,0.232992,0.116322,0.000000
0.000000,0.432964,0.865096,1.295566,1.723549,2.148222,2.568773,2.984395,3.394295,3.797689,4.193811,4.581909,4.961248,5.331116,5.690821,6.039694,6.377093,6.702405,7.015042,7.314452,7.600114,7.871543,8.128289,8.369942,8.596131,8.806528,9.000846,9.178842,9.340320,9.485127,9.613160,9.724361,9.818720,9.896276,9.957114,10.001367,10.029216,10.040886,10.036650,10.016824,9.981765,9.931872,9.867584,9.789376,9.697758,9.593272,9.476490,9.348011,9.208457,9.058471,8.898716,8.729866,8.552610,8.367642,8.175663,7.977374,7.773474,7.564660,7.351616,7.135020,6.915533,6.693799,6.470444,6.246072,6.021262,5.796566,5.572510,5.349588,5.128264,4.908967,4.692095,4.478007,4.267031,4.059455,3.855533,3.655481,3.459480,3.267672,3.080167,2.897036,2.718318,2.544018,2.374107,2.208526,2.047186,1.889966,1.736722,1.587281,1.441447,1.299000,1.159701,1.023290,0.889491,0.758011,0.628545,0.500775,0.374373,0.249005,0.124329,0.000000
0.000000,0.426996,0.853217,1.277892,1.700251,2.119526,2.534958,2.945793,3.351285,3.750698,4.143308,4.528401,4.905280,5.273264,5.631688,5.979908,6.317299,6.643262,6.957220,7.258624,7.546954,7.821718,8.082458,8.328749,8.560203,8.776466,8.977226,9.162209,9.331184,9.483961,9.620395,9.740385,9.843876,9.930858,10.001367,10.055486,10.093343,10.115113,10.121016,10.111314,10.086315,10.046367,9.991859,9.923219,9.840911,9.745434,9.637317,9.517121,9.385433,9.242864,9.090044,8.927624,8.756266,8.576648,8.389452,8.195366,7.995082,7.789287,7.578664,7.363891,7.145631,6.924534,6.701236,6.476350,6.250470,6.024163,5.797973,5.572412,5.347964,5.125083,4.904185,4.685658,4.469849,4.257074,4.047610,3.841699,3.639543,3.441312,3.247135,3.057109,2.871293,2.689713,2.512359,2.339192,2.170137,2.005093,1.843928,1.686483,1.532574,1.381993,1.234509,1.089872,0.947813,0.808045,0.670270,0.534173,0.399432,0.265716,0.132686,0.000000
0.000000,0.420245,0.839775,1.257875,1.673834,2.086943,2.496494,2.901788,3.302128,3.696827,4.085204,4.466588,4.840320,5.205749,5.562243,5.909181,6.245960,6.571996,6.886723,7.189600,7.480106,7.757747,8.022059,8.272602,8.508972,8.730793,8.937729,9.129474,9.305765,9.466376,9.611121,9.739856,9.852481,9.948939,10.029216,10.093343,10.141398,10.173503,10.189822,10.190567,10.175992,10.146393,10.102108,10.043515,9.971029,9.885104,9.786226,9.674913,9.551713,9.417201,9.271976,9.116657,8.951882,8.778302,8.596583,8.407395,8.211417,8.009326,7.801801,7.589514,7.373130,7.153303,6.930672,6.705861,6.479474,6.252093,6.024275,5.796551,5.569425,5.343369,5.118824,4.896197,4.675862,4.458156,4.243383,4.031806,3.823655,3.619122,3.418361,3.221491,3.028594,2.839717,2.654872,2.474038,2.297160,2.124153,1.954902,1.789263,1.627066,1.468116,1.312192,1.159056,1.008447,0.860088,0.713687,0.568938,0.425524,0.283118,0.141390,0.000000
0.000000,0.412769,0.824884,1.235688,1.644529,2.050755,2.453716,2.852764,3.247256,3.636552,4.020018,4.397026,4.766954,5.129188,5.483126,5.828175,6.163753,6.489293,6.804244,7.108072,7.400260,7.680313,7.947760,8.202152,8.443068,8.670114,8.882928,9.081178,9.264568,9.432836,9.585759,9.723150,9.844864,9.950797,10.040886,10.115113,10.173503,10.216122,10.243084,10.254546,10.250707,10.231810,10.198141,10.150025,10.087829,10.011957,9.922849,9.820979,9.706854,9.581009,9.444008,9.296437,9.138903,8.972033,8.796468,8.612859,8.421869,8.224163,8.020409,7.811273,7.597418,7.379497,7.158154,6.934018,6.707701,6.479797,6.250877,6.021487,5.792147,5.563350,5.335556,5.109194,4.884662,4.662318,4.442491,4.225469,4.011506,3.800817,3.593582,3.389942,3.190003,2.993833,2.801468,2.612906,2.428113,2.247022,2.069535,1.895527,1.724841,1.557297,1.392690,1.230790,1.071351,0.914105,0.758770,0.605048,0.452632,0.301202,0.150435,0.000000
0.000000,0.404629,0.808663,1.211507,1.612568,2.011252,2.406965,2.799115,3.187109,3.570360,3.948278,4.320280,4.685784,5.044213,5.394996,5.737568,6.071373,6.395863,6.710500,7.014761,7.308135,7.590128,7.860264,8.118085,8.363157,8.595069,8.813436,9.017901,9.208136,9.383847,9.544772,9.690684,9.821394,9.936754,10.036650,10.121016,10.189822,10.243084,10.280861,10.303255,10.310411,10.302517,10.279805,10.242548,10.191061,10.125696,10.046846,9.954938,9.850435,9.733832,9.605651,9.466445,9.316787,9.157274,8.988522,8.811158,8.625826,8.433174,8.233859,8.028537,7.817864,7.602491,7.383062,7.160210,6.934552,6.706691,6.477209,6.246665,6.015597,5.784512,5.553890,5.324182,5.095804,4.869141,4.644541,4.422318,4.202749,3.986075,3.772499,3.562186,3.355266,3.151831,2.951937,2.755606,2.562824,2.373545,2.187691,2.005153,1.825792,1.649445,1.475921,1.305007,1.136467,0.970048,0.805478,0.642473,0.480734,0.319953,0.159815,0.000000
0.000000,0.395882,0.791231,1.185511,1.578187,1.968725,2.356588,2.741237,3.122136,3.498743,3.870520,4.236926,4.597422,4.951466,5.298523,5.638056,5.969535,6.292433,6.606228,6.910410,7.204475,7.487930,7.760298,8.021116,8.269936,8.506333,8.729902,8.940261,9.137054,9.319954,9.488664,9.642919,9.782488,9.907176,10.016824,10.111314,10.190567,10.254546,10.303255,10.336742,10.355097,10.358453,10.346987,10.320919,10.280508,10.226057,10.157906,10.076437,9.982063,9.875236,9.756438,9.626180,9.485003,9.333470,9.172166,9.001694,8.822674,8.635735,8.441517,8.240665,8.033825,7.821642,7.604758,7.383804,7.159403,6.932162,6.702673,6.471506,6.239210,6.006310,5.773302,5.540656,5.308809,5.078166,4.849098,4.621943,4.397001,4.174536,3.954776,3.737912,3.524095,3.313443,3.106035,2.901915,2.701092,2.503541,2.309204,2.117993,1.929789,1.744444,1.561786,1.381618,1.203720,1.027854,0.853762,0.681173,0.509801,0.339351,0.169520,0.000000
0.000000,0.386591,0.772708,1.157877,1.541623,1.923467,2.302931,2.679532,3.052784,3.422199,3.787285,4.147546,4.502485,4.851600,5.194387,5.530344,5.858964,6.179745,6.492182,6.795779,7.090040,7.374478,7.648616,7.911985,8.164130,8.404611,8.633004,8.848907,9.051938,9.241739,9.417980,9.580357,9.728601,9.862471,9.981765,10.086315,10.175992,10.250707,10.310411,10.355097,10.384800,10.399599,10.399614,10.385010,10.355993,10.312811,10.255754,10.185151,10.101370,10.004813,9.895920,9.775162,9.643038,9.500077,9.346832,9.183876,9.011803,8.831219,8.642746,8.447011,8.244650,8.036297,7.822587,7.604151,7.381611,7.155576,6.926645,6.695397,6.462392,6.228167,5.993235,5.758080,5.523161,5.288901,5.055694,4.823899,4.593839,4.365803,4.140042,3.916771,3.696166,3.478369,3.263484,3.051578,2.842682,2.636796,2.433882,2.233875,2.036675,1.842155,1.650163,1.460518,1.273021,1.087447,0.903559,0.721098,0.539795,0.359371,0.179537,0.000000
0.000000,0.376814,0.753214,1.128785,1.503110,1.875770,2.246342,2.614397,2.979504,3.341224,3.699113,4.052722,4.401594,4.745267,5.083274,5.415142,5.740394,6.058549,6.369125,6.671639,6.965607,7.250549,7.525988,7.791454,8.046485,8.290630,8.523450,8.744521,8.953439,9.149818,9.333296,9.503535,9.660225,9.803087,9.931872,10.046367,10.146393,10.231810,10.302517,10.358453,10.399599,10.425977,10.437653,10.434735,10.417375,10.385767,10.340148,10.280793,10.208020,10.122185,10.023679,9.912930,9.790397,9.656570,9.511964,9.357123,9.192610,9.019006,8.836908,8.646927,8.449680,8.245790,8.035884,7.820585,7.600513,7.376278,7.148480,6.917705,6.684521,6.449477,6.213098,5.975884,5.738310,5.500818,5.263823,5.027703,4.792806,4.559442,4.327886,4.098377,3.871118,3.646274,3.423972,3.204305,2.987329,2.773065,2.561503,2.352596,2.146269,1.942417,1.740907,1.541582,1.344259,1.148736,0.954792,0.762188,0.570673,0.379985,0.189853,0.000000
0.000000,0.366610,0.732866,1.098410,1.462883,1.825923,2.187163,2.546229,2.902741,3.256312,3.606544,3.953034,4.295368,4.633123,4.965868,5.293163,5.614559,5.929601,6.237827,6.538771,6.831962,7.116929,7.393199,7.660301,7.917769,8.165142,8.401969,8.627809,8.842235,9.044837,9.235223,9.413024,9.577892,9.729509,9.867584,9.991859,10.102108,10.198141,10.279805,10.346987,10.399614,10.437653,10.461113,10.470050,10.464557,10.444774,10.410882,10.363107,10.301712,10.227002,10.139323,10.039053,9.926610,9.802441,9.667025,9.520869,9.364502,9.198479,9.023370,8.839762,8.648253,8.449453,8.243973,8.032428,7.815431,7.593591,7.367507,7.137768,6.904948,6.669604,6.432272,6.193465,5.953672,5.713354,5.472942,5.232836,4.993404,4.754979,4.517860,4.282310,4.048554,3.816783,3.587150,3.359772,3.134731,2.912074,2.691812,2.473925,2.258363,2.045042,1.833854,1.624663,1.417310,1.211614,1.007374,0.804374,0.602382,0.401158,0.200449,0.000000
0.000000,0.356039,0.711781,1.066926,1.421172,1.774213,2.125736,2.475420,2.822938,3.167951,3.510111,3.849058,4.184422,4.515818,4.842852,5.165117,5.482195,5.793655,6.099060,6.397960,6.689899,6.974416,7.251044,7.519316,7.778761,8.028913,8.269310,8.499497,8.719027,8.927468,9.124401,9.309426,9.482164,9.642257,9.789376,9.923219,10.043515,10.150025,10.242548,10.320919,10.385010,10.434735,10.470050,10.490951,10.497479,10.489718,10.467794,10.431876,10.382178,10.318951,10.242490,10.153127,10.051232,9.937209,9.811497,9.674562,9.526901,9.369034,9.201504,9.024870,8.839710,8.646611,8.446171,8.238992,8.025676,7.806827,7.583042,7.354908,7.123003,6.887889,6.650110,6.410191,6.168633,5.925912,5.682476,5.438744,5.195103,4.951909,4.709482,4.468108,4.228038,3.989488,3.752635,3.517622,3.284558,3.053513,2.824527,2.597605,2.372721,2.149819,1.928814,1.709595,1.492028,1.275956,1.061202,0.847573,0.634862,0.422849,0.211306,0.000000
0.000000,0.345157,0.690073,1.034504,1.378203,1.720919,2.062392,2.402354,2.740528,3.076623,3.410340,3.741362,4.069362,4.393994,4.714901,5.031710,5.344032,5.651466,5.953594,6.249989,6.540210,6.823808,7.100326,7.369297,7.630253,7.882724,8.126240,8.360332,8.584538,8.798407,9.001494,9.193374,9.373635,9.541885,9.697758,9.840911,9.971029,10.087829,10.191061,10.280508,10.355993,10.417375,10.464557,10.497479,10.516128,10.520530,10.510758,10.486925,10.449189,10.397751,10.332853,10.254778,10.163846,10.060417,9.944884,9.817674,9.679245,9.530082,9.370695,9.201615,9.023392,8.836593,8.641794,8.439582,8.230548,8.015284,7.794381,7.568424,7.337991,7.103646,6.865938,6.625402,6.382548,6.137865,5.891817,5.644838,5.397337,5.149686,4.902230,4.655277,4.409102,4.163944,3.920008,3.677462,3.436441,3.197043,2.959334,2.723346,2.489081,2.256510,2.025574,1.796190,1.568250,1.341624,1.116161,0.891695,0.668043,0.445012,0.222400,0.000000
0.000000,0.334020,0.667853,1.001310,1.334197,1.666315,1.997457,2.327406,2.655934,2.982799,3.307745,3.630502,3.950783,4.268283,4.582681,4.893637,5.200793,5.503776,5.802193,6.095638,6.383687,6.665906,6.941845,7.211046,7.473044,7.727365,7.973533,8.211073,8.439508,8.658368,8.867191,9.065523,9.252925,9.428976,9.593272,9.745434,9.885104,10.011957,10.125696,10.226057,10.312811,10.385767,10.444774,10.489718,10.520530,10.537183,10.539691,10.528115,10.502557,10.463163,10.410123,10.343668,10.264068,10.171636,10.066718,9.949698,9.820993,9.681049,9.530340,9.369367,9.198650,9.018728,8.830157,8.633502,8.429340,8.218249,8.000810,7.777603,7.549201,7.316169,7.079060,6.838412,6.594744,6.348555,6.100323,5.850498,5.599503,5.347732,5.095549,4.843285,4.591238,4.339671,4.088815,3.838864,3.589980,3.342290,3.095886,2.850831,2.607152,2.364851,2.123898,1.884239,1.645794,1.408462,1.172121,0.936634,0.701847,0.467596,0.233707,0.000000
0.000000,0.322682,0.645229,0.967504,1.289366,1.610666,1.931247,2.250942,2.569569,2.886935,3.202828,3.517022,3.829269,4.139304,4.446843,4.751579,5.053186,5.351320,5.645612,5.935678,6.221115,6.501502,6.776402,7.045366,7.307932,7.563628,7.811976,8.052491,8.284689,8.508084,8.722196,8.926549,9.120681,9.304140,9.476490,9.637317,9.786226,9.922849,10.046846,10.157906,10.255754,10.340148,10.410882,10.467794,10.510758,10.539691,10.554555,10.555352,10.542132,10.514985,10.474046,10.419495,10.351549,10.270471,10.176561,10.070155,9.951626,9.821381,9.679856,9.527514,9.364843,9.192355,9.010578,8.820056,8.621343,8.415003,8.201605,7.981717,7.755907,7.524736,7.288757,7.048510,6.804521,6.557297,6.307325,6.055070,5.800969,5.545435,5.288850,5.031566,4.773904,4.516153,4.258566,4.001367,3.744743,3.488849,3.233808,2.979710,2.726615,2.474552,2.223525,1.973509,1.724456,1.476296,1.228938,0.982276,0.736189,0.490543,0.245196,0.000000
0.000000,0.311195,0.622305,0.933243,1.243917,1.554228,1.864067,2.173313,2.481832,2.789476,3.096076,3.401447,3.705384,4.007658,4.308022,4.606203,4.901907,5.194816,5.484591,5.770870,6.053268,6.331383,6.604792,6.873055,7.135717,7.392310,7.642355,7.885364,8.120844,8.348298,8.567232,8.777151,8.977570,9.168011,9.348011,9.517121,9.674913,9.820979,9.954938,10.076437,10.185151,10.280793,10.363107,10.431876,10.486925,10.528115,10.555352,10.568586,10.567809,10.553057,10.524411,10.481994,10.425975,10.356562,10.274005,10.178593,10.070655,9.950551,9.818677,9.675458,9.521348,9.356824,9.182385,8.998549,8.805848,8.604826,8.396034,8.180029,7.957368,7.728607,7.494293,7.254967,7.011159,6.763380,6.512126,6.257873,6.001071,5.742150,5.481509,5.219520,4.956527,4.692840,4.428740,4.164476,3.900262,3.636283,3.372691,3.109608,2.847123,2.585300,2.324172,2.063749,1.804016,1.544936,1.286453,1.028495,0.770973,0.513790,0.256837,0.000000
0.000000,0.299609,0.599180,0.898675,1.198047,1.497246,1.796208,2.094858,2.393107,2.690848,2.987956,3.284287,3.579674,3.873928,4.166834,4.458156,4.747630,5.034968,5.319856,5.601957,5.880908,6.156324,6.427798,6.694903,6.957192,7.214203,7.465459,7.710471,7.948740,8.179764,8.403032,8.618038,8.824275,9.021245,9.208457,9.385433,9.551713,9.706854,9.850435,9.982063,10.101370,10.208020,10.301712,10.382178,10.449189,10.502557,10.542132,10.567809,10.579526,10.577263,10.561046,10.530944,10.487070,10.429582,10.358677,10.274596,10.177617,10.068055,9.946263,9.812626,9.667556,9.511497,9.344915,9.168298,8.982152,8.786997,8.583365,8.371797,8.152836,7.927028,7.694915,7.457034,7.213913,6.966069,6.714002,6.458197,6.199117,5.937203,5.672872,5.406516,5.138497,4.869150,4.598781,4.327662,4.056039,3.784123,3.512099,3.240117,2.968303,2.696751,2.425530,2.154683,1.884232,1.614176,1.344495,1.075152,0.806096,0.537267,0.268594,0.000000
0.000000,0.287970,0.575949,0.863941,1.151945,1.439955,1.727951,2.015902,2.303760,2.591460,2.878919,3.166031,3.452667,3.738675,4.023876,4.308065,4.591011,4.872455,5.152111,5.429665,5.704777,5.977083,6.246191,6.511689,6.773141,7.030093,7.282072,7.528591,7.769150,8.003238,8.230339,8.449933,8.661498,8.864515,9.058471,9.242864,9.417201,9.581009,9.733832,9.875236,10.004813,10.122185,10.227002,10.318951,10.397751,10.463163,10.514985,10.553057,10.577263,10.587528,10.583822,10.566160,10.534600,10.489246,10.430243,10.357779,10.272082,10.173421,10.062101,9.938463,9.802880,9.655755,9.497518,9.328626,9.149555,8.960798,8.762864,8.556274,8.341555,8.119239,7.889859,7.653946,7.412024,7.164610,6.912209,6.655310,6.394386,6.129891,5.862257,5.591890,5.319176,5.044469,4.768100,4.490367,4.211543,3.931871,3.651563,3.370805,3.089754,2.808540,2.527267,2.246017,1.964846,1.683793,1.402875,1.122097,0.841446,0.560901,0.280431,0.000000
0.000000,0.276326,0.552702,0.829176,1.105790,1.382578,1.659562,1.936752,2.214141,2.491703,2.769394,3.047145,3.324866,3.602438,3.879717,4.156532,4.432681,4.707936,4.982038,5.254698,5.525601,5.794400,6.060726,6.324179,6.584337,6.840757,7.092972,7.340500,7.582840,7.819481,8.049900,8.273567,8.489948,8.698508,8.898716,9.090044,9.271976,9.444008,9.605651,9.756438,9.895920,10.023679,10.139323,10.242490,10.332853,10.410123,10.474046,10.524411,10.561046,10.583822,10.592655,10.587503,10.568372,10.535308,10.488404,10.427794,10.353656,10.266208,10.165706,10.052445,9.926755,9.788997,9.639564,9.478874,9.307371,9.125520,8.933802,8.732715,8.522766,8.304472,8.078351,7.844926,7.604715,7.358231,7.105980,6.848455,6.586136,6.319487,6.048951,5.774954,5.497895,5.218153,4.936080,4.652001,4.366216,4.078997,3.790588,3.501208,3.211048,2.920275,2.629030,2.337432,2.045579,1.753547,1.461396,1.169170,0.876901,0.584609,0.292307,0.000000
0.000000,0.264716,0.529523,0.794507,1.059749,1.325323,1.591290,1.857699,2.124579,2.391945,2.659787,2.928073,3.196748,3.465728,3.734903,4.004132,4.273246,4.542044,4.810296,5.077739,5.344080,5.608996,5.872136,6.133119,6.391537,6.646958,6.898926,7.146965,7.390577,7.629252,7.862464,8.089676,8.310345,8.523925,8.729866,8.927624,9.116657,9.296437,9.466445,9.626180,9.775162,9.912930,10.039053,10.153127,10.254778,10.343668,10.419495,10.481994,10.530944,10.566160,10.587503,10.594879,10.588235,10.567564,10.532904,10.484335,10.421981,10.346009,10.256625,10.154077,10.038645,9.910649,9.770439,9.618396,9.454926,9.280462,9.095456,8.900378,8.695713,8.481956,8.259613,8.029190,7.791199,7.546145,7.294533,7.036857,6.773602,6.505238,6.232221,5.954988,5.673959,5.389530,5.102075,4.811946,4.519469,4.224945,3.928651,3.630838,3.331735,3.031543,2.730443,2.428594,2.126134,1.823182,1.519841,1.216200,0.912333,0.608307,0.304178,0.000000
0.000000,0.253182,0.506492,0.760052,1.013981,1.268388,1.523372,1.779016,2.035387,2.292534,2.550482,2.809234,3.068768,3.329034,3.589952,3.851416,4.113283,4.375384,4.637515,4.899440,5.160890,5.421565,5.681135,5.939236,6.195479,6.449444,6.700688,6.948742,7.193117,7.433303,7.668776,7.898996,8.123413,8.341472,8.552610,8.756266,8.951882,9.138903,9.316787,9.485003,9.643038,9.790397,9.926610,10.051232,10.163846,10.264068,10.351549,10.425975,10.487070,10.534600,10.568372,10.588235,10.594083,10.585853,10.563527,10.527132,10.476736,10.412455,10.334442,10.242893,10.138042,10.020162,9.889558,9.746570,9.591566,9.424941,9.247115,9.058529,8.859640,8.650923,8.432862,8.205948,7.970679,7.727555,7.477073,7.219725,6.956000,6.686373,6.411308,6.131255,5.846648,5.557903,5.265414,4.969558,4.670687,4.369133,4.065203,3.759183,3.451337,3.141906,2.831108,2.519145,2.206198,1.892429,1.577986,1.263004,0.947605,0.631902,0.316000,0.000000
0.000000,0.241760,0.483682,0.725922,0.968632,1.211956,1.456026,1.700959,1.946855,2.193795,2.441838,2.691021,2.941352,3.192812,3.445355,3.698901,3.953342,4.208532,4.464298,4.720428,4.976680,5.232777,5.488409,5.743234,5.996880,6.248944,6.498995,6.746575,6.991205,7.232380,7.469579,7.702262,7.929877,8.151860,8.367642,8.576648,8.778302,8.972033,9.157274,9.333470,9.500077,9.656570,9.802441,9.937209,10.060417,10.171636,10.270471,10.356562,10.429582,10.489246,10.535308,10.567564,10.585853,10.590056,10.580101,10.555959,10.517643,10.465214,10.398773,10.318464,10.224470,10.117015,9.996359,9.862796,9.716653,9.558287,9.388081,9.206444,9.013804,8.810608,8.597317,8.374406,8.142356,7.901655,7.652792,7.396256,7.132533,6.862102,6.585436,6.302993,6.015220,5.722551,5.425401,5.124168,4.819233,4.510954,4.199672,3.885707,3.569358,3.250905,2.930609,2.608713,2.285441,1.961002,1.635591,1.309391,0.982573,0.655298,0.327724,0.000000
0.000000,0.230485,0.461161,0.692218,0.923839,1.156197,1.389456,1.623763,1.859251,2.096031,2.334192,2.573801,2.814898,3.057493,3.301570,3.547079,3.793938,4.042033,4.291215,4.541300,4.792070,5.043272,5.294620,5.545792,5.796435,6.046164,6.294563,6.541189,6.785572,7.027216,7.265606,7.500204,7.730459,7.955804,8.175663,8.389452,8.596583,8.796468,8.988522,9.172166,9.346832,9.511964,9.667025,9.811497,9.944884,10.066718,10.176561,10.274005,10.358677,10.430243,10.488404,10.532904,10.563527,10.580101,10.582498,10.570632,10.544464,10.503996,10.449277,10.380397,10.297488,10.200722,10.090311,9.966501,9.829578,9.679854,9.517676,9.343415,9.157468,8.960252,8.752204,8.533775,8.305428,8.067635,7.820877,7.565634,7.302390,7.031624,6.753812,6.469423,6.178914,5.882734,5.581318,5.275086,4.964444,4.649779,4.331463,4.009850,3.685278,3.358064,3.028511,2.696905,2.363517,2.028603,1.692407,1.355159,1.017084,0.678394,0.339298,0.000000
0.000000,0.219386,0.438992,0.659035,0.879725,1.101266,1.323848,1.547648,1.772825,1.999521,2.227852,2.457915,2.689777,2.923478,3.159028,3.396406,3.635560,3.876400,4.118805,4.362618,4.607646,4.853660,5.100397,5.347558,5.594810,5.841786,6.088089,6.333290,6.576932,6.818531,7.057578,7.293544,7.525878,7.754014,7.977374,8.195366,8.407395,8.612859,8.811158,9.001694,9.183876,9.357123,9.520869,9.674562,9.817674,9.949698,10.070155,10.178593,10.274596,10.357779,10.427794,10.484335,10.527132,10.555959,10.570632,10.571012,10.557003,10.528552,10.485652,10.428339,10.356691,10.270828,10.170912,10.057142,9.929754,9.789018,9.635240,9.468751,9.289913,9.099113,8.896756,8.683269,8.459094,8.224687,7.980512,7.727042,7.464754,7.194125,6.915633,6.629753,6.336953,6.037695,5.732432,5.421604,5.105641,4.784959,4.459962,4.131038,3.798559,3.462885,3.124361,2.783316,2.440069,2.094922,1.748171,1.400099,1.050981,0.701083,0.350670,0.000000
0.000000,0.208493,0.417231,0.626456,0.836404,1.047304,1.259372,1.472810,1.687804,1.904521,2.123104,2.343676,2.566330,2.791135,3.018126,3.247309,3.478659,3.712113,3.947575,4.184915,4.423965,4.664521,4.906343,5.149154,5.392645,5.636468,5.880244,6.123562,6.365980,6.607027,6.846204,7.082991,7.316843,7.547197,7.773474,7.995082,8.211417,8.421869,8.625826,8.822674,9.011803,9.192610,9.364502,9.526901,9.679245,9.820993,9.951626,10.070655,10.177617,10.272082,10.353656,10.421981,10.476736,10.517643,10.544464,10.557003,10.555108,10.538674,10.507635,10.461973,10.401712,10.326918,10.237700,10.134207,10.016627,9.885184,9.740138,9.581782,9.410438,9.226458,9.030217,8.822112,8.602563,8.372004,8.130882,7.879659,7.618802,7.348785,7.070085,6.783181,6.488549,6.186663,5.877991,5.562995,5.242127,4.915830,4.584539,4.248675,3.908649,3.564859,3.217693,2.867526,2.514723,2.159638,1.802616,1.443993,1.084099,0.723257,0.361786,0.000000
0.000000,0.197831,0.395928,0.594558,0.793979,0.994440,1.196183,1.399431,1.604395,1.811264,2.020207,2.231369,2.444871,2.660804,2.879231,3.100181,3.323656,3.549617,3.777997,4.008688,4.241548,4.476399,4.713024,4.951170,5.190549,5.430836,5.671673,5.912665,6.153388,6.393385,6.632174,6.869241,7.104053,7.336051,7.564660,7.789287,8.009326,8.224163,8.433174,8.635735,8.831219,9.019006,9.198479,9.369034,9.530082,9.681049,9.821381,9.950551,10.068055,10.173421,10.266208,10.346009,10.412455,10.465214,10.503996,10.528552,10.538674,10.534199,10.515009,10.481028,10.432225,10.368612,10.290245,10.197219,10.089673,9.967783,9.831764,9.681863,9.518363,9.341578,9.151849,8.949544,8.735052,8.508787,8.271176,8.022665,7.763711,7.494781,7.216349,6.928896,6.632904,6.328856,6.017236,5.698523,5.373192,5.041712,4.704548,4.362154,4.014979,3.663459,3.308026,2.949101,2.587097,2.222417,1.855460,1.486617,1.116270,0.744802,0.372587,0.000000
0.000000,0.187422,0.375130,0.563410,0.752539,0.942788,1.134417,1.327671,1.522781,1.719958,1.919394,2.121255,2.325684,2.532796,2.742677,2.955383,3.170936,3.389326,3.610507,3.834399,4.060883,4.289805,4.520974,4.754161,4.989100,5.225489,5.462990,5.701230,5.939802,6.178268,6.416157,6.652973,6.888191,7.121262,7.351616,7.578664,7.801801,8.020409,8.233859,8.441517,8.642746,8.836908,9.023370,9.201504,9.370695,9.530340,9.679856,9.818677,9.946263,10.062101,10.165706,10.256625,10.334442,10.398773,10.449277,10.485652,10.507635,10.515009,10.507599,10.485274,10.447946,10.395574,10.328156,10.245738,10.148405,10.036284,9.909540,9.768377,9.613034,9.443785,9.260934,9.064817,8.855793,8.634249,8.400592,8.155249,7.898663,7.631292,7.353607,7.066085,6.769215,6.463487,6.149397,5.827441,5.498116,5.161916,4.819334,4.470857,4.116969,3.758150,3.394871,3.027600,2.656799,2.282922,1.906420,1.527739,1.147321,0.765601,0.383017,0.000000
0.000000,0.177286,0.354876,0.533070,0.712165,0.892447,1.074195,1.257672,1.443128,1.630791,1.820874,2.013563,2.209023,2.407389,2.608769,2.813242,3.020853,3.231616,3.445509,3.662475,3.882420,4.105216,4.330695,4.558651,4.788844,5.020993,5.254783,5.489862,5.725844,5.962309,6.198804,6.434847,6.669926,6.903504,7.135020,7.363891,7.589514,7.811273,8.028537,8.240665,8.447011,8.646927,8.839762,9.024870,9.201615,9.369367,9.527514,9.675458,9.812626,9.938463,10.052445,10.154077,10.242893,10.318464,10.380397,10.428339,10.461973,10.481028,10.485274,10.474523,10.448633,10.407506,10.351086,10.279364,10.192373,10.090187,9.972923,9.840737,9.693824,9.532415,9.356777,9.167207,8.964036,8.747620,8.518341,8.276608,8.022847,7.757504,7.481043,7.193939,6.896680,6.589766,6.273702,5.948999,5.616174,5.275745,4.928232,4.574155,4.214034,3.848387,3.477729,3.102573,2.723430,2.340805,1.955204,1.567127,1.177072,0.785537,0.393015,0.000000
0.000000,0.167441,0.335199,0.503591,0.672926,0.843506,1.015624,1.189560,1.365578,1.543926,1.724832,1.908501,2.095115,2.284831,2.477778,2.674053,2.873725,3.076830,3.283368,3.493307,3.706577,3.923072,4.142649,4.365128,4.590290,4.817879,5.047604,5.279135,5.512106,5.746118,5.980737,6.215497,6.449904,6.683433,6.915533,7.145631,7.373130,7.597418,7.817864,8.033825,8.244650,8.449680,8.648253,8.839710,9.023392,9.198650,9.364843,9.521348,9.667556,9.802880,9.926755,10.038645,10.138042,10.224470,10.297488,10.356691,10.401712,10.432225,10.447946,10.448633,10.434087,10.404155,10.358727,10.297736,10.221164,10.129031,10.021405,9.898391,9.760140,9.606838,9.438709,9.256016,9.059053,8.848146,8.623652,8.385955,8.135464,7.872611,7.597849,7.311649,7.014501,6.706905,6.389378,6.062444,5.726636,5.382498,5.030574,4.671417,4.305580,3.933620,3.556096,3.173565,2.786586,2.395717,2.001516,1.604540,1.205346,0.804487,0.402521,0.000000
0.000000,0.157900,0.316130,0.475016,0.634881,0.796038,0.958794,1.123441,1.290257,1.459505,1.631427,1.806246,1.984160,2.165344,2.349944,2.538080,2.729838,2.925277,3.124419,3.327253,3.533733,3.743777,3.957265,4.174043,4.393914,4.616648,4.841975,5.069590,5.299150,5.530275,5.762554,5.995538,6.228751,6.461684,6.693799,6.924534,7.153303,7.379497,7.602491,7.821642,8.036297,8.245790,8.449453,8.646611,8.836593,9.018728,9.192355,9.356824,9.511497,9.655755,9.788997,9.910649,10.020162,10.117015,10.200722,10.270828,10.326918,10.368612,10.395574,10.407506,10.404155,10.385313,10.350813,10.300537,10.234408,10.152397,10.054516,9.940825,9.811423,9.666452,9.506094,9.330572,9.140143,8.935102,8.715775,8.482523,8.235733,7.975821,7.703230,7.418423,7.121886,6.814123,6.495658,6.167026,5.828778,5.481476,5.125692,4.762008,4.391012,4.013297,3.629464,3.240116,2.845859,2.447303,2.045058,1.639739,1.231959,0.822332,0.411474,0.000000
0.000000,0.148677,0.297692,0.447383,0.598079,0.750107,0.903780,1.059404,1.217268,1.377647,1.540797,1.706953,1.876330,2.049117,2.225479,2.405553,2.589445,2.777231,2.968956,3.164631,3.364232,3.567699,3.774936,3.985812,4.200157,4.417762,4.638383,4.861737,5.087505,5.315331,5.544823,5.775556,6.007069,6.238872,6.470444,6.701236,6.930672,7.158154,7.383062,7.604758,7.822587,8.035884,8.243973,8.446171,8.641794,8.830157,9.010578,9.182385,9.344915,9.497518,9.639564,9.770439,9.889558,9.996359,10.090311,10.170912,10.237700,10.290245,10.328156,10.351086,10.358727,10.350813,10.327127,10.287492,10.231779,10.159904,10.071829,9.967561,9.847151,9.710694,9.558328,9.390235,9.206634,9.007785,8.793985,8.565565,8.322892,8.066364,7.796407,7.513478,7.218057,6.910650,6.591783,6.262003,5.921877,5.571984,5.212922,4.845299,4.469737,4.086866,3.697327,3.301768,2.900841,2.495208,2.085532,1.672483,1.256730,0.838948,0.419813,0.000000
0.000000,0.139780,0.279905,0.420719,0.562560,0.705761,0.850645,0.997524,1.146699,1.298453,1.453054,1.610751,1.771769,1.936314,2.104564,2.276673,2.452764,2.632934,2.817245,3.005728,3.198383,3.395170,3.596018,3.800817,4.009423,4.221650,4.437279,4.656051,4.877670,5.101804,5.328085,5.556107,5.785432,6.015588,6.246072,6.476350,6.705861,6.934018,7.160210,7.383804,7.604151,7.820585,8.032428,8.238992,8.439582,8.633502,8.820056,8.998549,9.168298,9.328626,9.478874,9.618396,9.746570,9.862796,9.966501,10.057142,10.134207,10.197219,10.245738,10.279364,10.297736,10.300537,10.287492,10.258372,10.212994,10.151219,10.072958,9.978165,9.866843,9.739039,9.594846,9.434403,9.257889,9.065530,8.857587,8.634367,8.396208,8.143490,7.876624,7.596054,7.302254,6.995729,6.677008,6.346647,6.005223,5.653336,5.291604,4.920664,4.541167,4.153780,3.759182,3.358065,2.951128,2.539081,2.122641,1.702530,1.279477,0.854214,0.427476,0.000000
0.000000,0.131217,0.262783,0.395048,0.528354,0.663040,0.799435,0.937859,1.078617,1.222003,1.368293,1.517746,1.670600,1.827070,1.987351,2.151610,2.319987,2.492594,2.669513,2.850796,3.036459,3.226487,3.420830,3.619401,3.822079,4.028704,4.239079,4.452970,4.670107,4.890180,5.112845,5.337719,5.564386,5.792395,6.021262,6.250470,6.479474,6.707701,6.934552,7.159403,7.381611,7.600513,7.815431,8.025676,8.230548,8.429340,8.621343,8.805848,8.982152,9.149555,9.307371,9.454926,9.591566,9.716653,9.829578,9.929754,10.016627,10.089673,10.148405,10.192373,10.221164,10.234408,10.231779,10.212994,10.177815,10.126052,10.057561,9.972247,9.870062,9.751005,9.615123,9.462511,9.293308,9.107702,8.905922,8.688241,8.454976,8.206480,7.943148,7.665413,7.373738,7.068626,6.750607,6.420242,6.078121,5.724858,5.361093,4.987487,4.604722,4.213497,3.814531,3.408556,2.996316,2.578571,2.156088,1.729643,1.300020,0.868009,0.434404,0.000000
0.000000,0.122992,0.246337,0.370385,0.495483,0.621973,0.750187,0.880450,1.013074,1.148358,1.286584,1.428022,1.572916,1.721496,1.873966,2.030506,2.191271,2.356389,2.525959,2.700050,2.878699,3.061910,3.249656,3.441872,3.638458,3.839280,4.044164,4.252901,4.465245,4.680911,4.899578,5.120889,5.344449,5.569829,5.796566,6.024163,6.252093,6.479797,6.706691,6.932162,7.155576,7.376278,7.593591,7.806827,8.015284,8.218249,8.415003,8.604826,8.786997,8.960798,9.125520,9.280462,9.424941,9.558287,9.679854,9.789018,9.885184,9.967783,10.036284,10.090187,10.129031,10.152397,10.159904,10.151219,10.126052,10.084159,10.025345,9.949463,9.856416,9.746153,9.618677,9.474037,9.312332,9.133710,8.938366,8.726541,8.498524,8.254646,7.995281,7.720847,7.431798,7.128631,6.811876,6.482097,6.139894,5.785895,5.420759,5.045169,4.659835,4.265490,3.862887,3.452798,3.036013,2.613336,2.185585,1.753587,1.318182,0.880214,0.440535,0.000000
0.000000,0.115110,0.230572,0.346740,0.463961,0.582577,0.702924,0.825328,0.950106,1.077560,1.207980,1.341639,1.478793,1.619676,1.764506,1.913472,2.066744,2.224464,2.386746,2.553675,2.725307,2.901667,3.082746,3.268501,3.458855,3.653697,3.852878,4.056211,4.263477,4.474414,4.688726,4.906080,5.126105,5.348396,5.572510,5.797973,6.024275,6.250877,6.477209,6.702673,6.926645,7.148480,7.367507,7.583042,7.794381,8.000810,8.201605,8.396034,8.583365,8.762864,8.933802,9.095456,9.247115,9.388081,9.517676,9.635240,9.740138,9.831764,9.909540,9.972923,10.021405,10.054516,10.071829,10.072958,10.057561,10.025345,9.976063,9.909516,9.825559,9.724093,9.605073,9.468505,9.314446,9.143004,8.954339,8.748659,8.526222,8.287337,8.032356,7.761681,7.475754,7.175064,6.860138,6.531545,6.189890,5.835814,5.469991,5.093127,4.705957,4.309244,3.903776,3.490362,3.069834,2.643041,2.210848,1.774134,1.333789,0.890714,0.445814,0.000000
0.000000,0.107570,0.215492,0.324117,0.433793,0.544860,0.657656,0.772508,0.889733,1.009637,1.132514,1.258640,1.388279,1.521672,1.659044,1.800597,1.946510,2.096937,2.252008,2.411824,2.576457,2.745950,2.920313,3.099525,3.283531,3.472240,3.665529,3.863234,4.065160,4.271070,4.480693,4.693721,4.909807,5.128569,5.349588,5.572412,5.796551,6.021487,6.246665,6.471506,6.695397,6.917705,7.137768,7.354908,7.568424,7.777603,7.981717,8.180029,8.371797,8.556274,8.732715,8.900378,9.058529,9.206444,9.343415,9.468751,9.581782,9.681863,9.768377,9.840737,9.898391,9.940825,9.967561,9.978165,9.972247,9.949463,9.909516,9.852159,9.777196,9.684482,9.573926,9.445488,9.299184,9.135082,8.953305,8.754029,8.537482,8.303945,8.053750,7.787279,7.504962,7.207278,6.894752,6.567951,6.227486,5.874007,5.508203,5.130801,4.742557,4.344264,3.936740,3.520831,3.097408,2.667362,2.231604,1.791062,1.346674,0.899394,0.450181,0.000000
0.000000,0.100373,0.201095,0.302515,0.404978,0.508823,0.614386,0.721993,0.831961,0.944599,1.060201,1.179047,1.301405,1.427523,1.557631,1.691940,1.830640,1.973896,2.121850,2.274618,2.432287,2.594917,2.762538,2.935147,3.112709,3.295157,3.482389,3.674266,3.870615,4.071226,4.275851,4.484207,4.695973,4.910790,5.128264,5.347964,5.569425,5.792147,6.015597,6.239210,6.462392,6.684521,6.904948,7.123003,7.337991,7.549201,7.755907,7.957368,8.152836,8.341555,8.522766,8.695713,8.859640,9.013804,9.157468,9.289913,9.410438,9.518363,9.613034,9.693824,9.760140,9.811423,9.847151,9.866843,9.870062,9.856416,9.825559,9.777196,9.711085,9.627032,9.524901,9.404609,9.266130,9.109492,8.934781,8.742138,8.531762,8.303907,8.058881,7.797046,7.518819,7.224668,6.915110,6.590713,6.252089,5.899898,5.534840,5.157658,4.769131,4.370076,3.961341,3.543806,3.118378,2.685988,2.247591,1.804157,1.356676,0.906148,0.453584,0.000000
0.000000,0.093516,0.187377,0.281928,0.377509,0.474457,0.573104,0.673774,0.776785,0.882442,0.991041,1.102864,1.218182,1.337246,1.460292,1.587539,1.719184,1.855403,1.996348,2.142149,2.292907,2.448698,2.609568,2.775534,2.946581,3.122662,3.303696,3.489568,3.680128,3.875191,4.074535,4.277898,4.484987,4.695467,4.908967,5.125083,5.343369,5.563350,5.784512,6.006310,6.228167,6.449477,6.669604,6.887889,7.103646,7.316169,7.524736,7.728607,7.927028,8.119239,8.304472,8.481956,8.650923,8.810608,8.960252,9.099113,9.226458,9.341578,9.443785,9.532415,9.606838,9.666452,9.710694,9.739039,9.751005,9.746153,9.724093,9.684482,9.627032,9.551504,9.457718,9.345546,9.214922,9.065834,8.898332,8.712523,8.508573,8.286710,8.047217,7.790437,7.516770,7.226670,6.920650,6.599271,6.263148,5.912946,5.549377,5.173195,4.785201,4.386233,3.977166,3.558911,3.132408,2.698625,2.258558,1.813219,1.363642,0.910873,0.455971,0.000000
0.000000,0.086996,0.174331,0.262344,0.351372,0.441745,0.533793,0.627835,0.724185,0.823148,0.925018,1.030079,1.138601,1.250839,1.367034,1.487408,1.612166,1.741493,1.875551,2.014481,2.158397,2.307389,2.461520,2.620823,2.785303,2.954931,3.129650,3.309365,3.493949,3.683241,3.877042,4.075118,4.277197,4.482971,4.692095,4.904185,5.118824,5.335556,5.553890,5.773302,5.993235,6.213098,6.432272,6.650110,6.865938,7.079060,7.288757,7.494293,7.694915,7.889859,8.078351,8.259613,8.432862,8.597317,8.752204,8.896756,9.030217,9.151849,9.260934,9.356777,9.438709,9.506094,9.558328,9.594846,9.615123,9.618677,9.605073,9.573926,9.524901,9.457718,9.372151,9.268032,9.145254,9.003767,8.843583,8.664775,8.467480,8.251895,8.018280,7.766956,7.498306,7.212770,6.910852,6.593108,6.260152,5.912653,5.551328,5.176947,4.790324,4.392318,3.983828,3.565792,3.139180,2.704997,2.264271,1.818056,1.367426,0.913471,0.457293,0.000000
0.000000,0.080806,0.161946,0.243750,0.326548,0.410666,0.496426,0.584145,0.674131,0.766686,0.862103,0.960664,1.062638,1.168282,1.277840,1.391539,1.509588,1.632179,1.759483,1.891650,2.028808,2.171058,2.318478,2.471118,2.628999,2.792112,2.960419,3.133847,3.312291,3.495613,3.683637,3.876154,4.072916,4.273641,4.478007,4.685658,4.896197,5.109194,5.324182,5.540656,5.758080,5.975884,6.193465,6.410191,6.625402,6.838412,7.048510,7.254967,7.457034,7.653946,7.844926,8.029190,8.205948,8.374406,8.533775,8.683269,8.822112,8.949544,9.064817,9.167207,9.256016,9.330572,9.390235,9.434403,9.462511,9.474037,9.468505,9.445488,9.404609,9.345546,9.268032,9.171860,9.056880,8.923007,8.770216,8.598548,8.408106,8.199062,7.971648,7.726164,7.462975,7.182507,6.885250,6.571757,6.242638,5.898561,5.540251,5.168485,4.784092,4.387947,3.980970,3.564123,3.138404,2.704846,2.264513,1.818493,1.367897,0.913854,0.457504,0.000000
0.000000,0.074942,0.150209,0.226125,0.303012,0.381189,0.460971,0.542667,0.626584,0.713016,0.802254,0.894576,0.990252,1.089538,1.192679,1.299905,1.411429,1.527449,1.648143,1.773669,1.904164,2.039744,2.180498,2.326491,2.477761,2.634316,2.796137,2.963170,3.135334,3.312509,3.494546,3.681257,3.872421,4.067777,4.267031,4.469849,4.675862,4.884662,5.095804,5.308809,5.523161,5.738310,5.953672,6.168633,6.382548,6.594744,6.804521,7.011159,7.213913,7.412024,7.604715,7.791199,7.970679,8.142356,8.305428,8.459094,8.602563,8.735052,8.855793,8.964036,9.059053,9.140143,9.206634,9.257889,9.293308,9.312332,9.314446,9.299184,9.266130,9.214922,9.145254,9.056880,8.949614,8.823332,8.677976,8.513553,8.330137,8.127869,7.906958,7.667681,7.410383,7.135474,6.843434,6.534804,6.210191,5.870262,5.515745,5.147423,4.766136,4.372772,3.968268,3.553608,3.129813,2.697942,2.259088,1.814370,1.364933,0.911939,0.456565,0.000000
0.000000,0.069396,0.139107,0.209450,0.280737,0.353280,0.427386,0.503358,0.581493,0.662084,0.745415,0.831761,0.921388,1.014554,1.111501,1.212461,1.317651,1.427271,1.541507,1.660523,1.784466,1.913460,2.047608,2.186988,2.331652,2.481625,2.636904,2.797458,2.963221,3.134098,3.309961,3.490644,3.675950,3.865645,4.059455,4.257074,4.458156,4.662318,4.869141,5.078166,5.288901,5.500818,5.713354,5.925912,6.137865,6.348555,6.557297,6.763380,6.966069,7.164610,7.358231,7.546145,7.727555,7.901655,8.067635,8.224687,8.372004,8.508787,8.634249,8.747620,8.848146,8.935102,9.007785,9.065530,9.107702,9.133710,9.143004,9.135082,9.109492,9.065834,9.003767,8.923007,8.823332,8.704585,8.566673,8.409571,8.233324,8.038044,7.823915,7.591192,7.340198,7.071329,6.785049,6.481891,6.162454,5.827402,5.477463,5.113425,4.736132,4.346486,3.945437,3.533985,3.113170,2.684076,2.247818,1.805543,1.358423,0.907652,0.454438,0.000000
0.000000,0.064158,0.128622,0.193698,0.259690,0.326899,0.395625,0.466163,0.538803,0.613830,0.691522,0.772151,0.855980,0.943262,1.034240,1.129144,1.228194,1.331594,1.439531,1.552178,1.669688,1.792194,1.919809,2.052624,2.190703,2.334088,2.482791,2.636798,2.796064,2.960513,3.130037,3.304494,3.483710,3.667472,3.855533,4.047610,4.243383,4.442491,4.644541,4.849098,5.055694,5.263823,5.472942,5.682476,5.891817,6.100323,6.307325,6.512126,6.714002,6.912209,7.105980,7.294533,7.477073,7.652792,7.820877,7.980512,8.130882,8.271176,8.400592,8.518341,8.623652,8.715775,8.793985,8.857587,8.905922,8.938366,8.954339,8.953305,8.934781,8.898332,8.843583,8.770216,8.677976,8.566673,8.436182,8.286447,8.117484,7.929378,7.722288,7.496445,7.252154,6.989791,6.709807,6.412722,6.099127,5.769681,5.425109,5.066200,4.693804,4.308826,3.912230,3.505026,3.088272,2.663068,2.230550,1.791887,1.348275,0.900931,0.451091,0.000000
0.000000,0.059220,0.118736,0.178842,0.239834,0.302002,0.365637,0.431025,0.498447,0.568182,0.640501,0.715670,0.793947,0.875582,0.960815,1.049877,1.142985,1.240347,1.342152,1.448577,1.559783,1.675909,1.797077,1.923388,2.054920,2.191727,2.333836,2.481250,2.633941,2.791853,2.954896,3.122952,3.295866,3.473451,3.655481,3.841699,4.031806,4.225469,4.422318,4.621943,4.823899,5.027703,5.232836,5.438744,5.644838,5.850498,6.055070,6.257873,6.458197,6.655310,6.848455,7.036857,7.219725,7.396256,7.565634,7.727042,7.879659,8.022665,8.155249,8.276608,8.385955,8.482523,8.565565,8.634367,8.688241,8.726541,8.748659,8.754029,8.742138,8.712523,8.664775,8.598548,8.513553,8.409571,8.286447,8.144096,7.982505,7.801734,7.601917,7.383262,7.146053,6.890649,6.617484,6.327066,6.019974,5.696861,5.358446,5.005517,4.638923,4.259576,3.868443,3.466544,3.054949,2.634769,2.207157,1.773298,1.334407,0.891722,0.446497,0.000000
0.000000,0.054572,0.109428,0.164853,0.221131,0.278541,0.337365,0.397879,0.460355,0.525064,0.592269,0.662230,0.735199,0.811421,0.891134,0.974566,1.061933,1.153442,1.249287,1.349646,1.454683,1.564546,1.679363,1.799245,1.924280,2.054534,2.190049,2.330841,2.476899,2.628184,2.784627,2.946128,3.112553,3.283738,3.459480,3.639543,3.823655,4.011506,4.202749,4.397001,4.593839,4.792806,4.993404,5.195103,5.397337,5.599503,5.800969,6.001071,6.199117,6.394386,6.586136,6.773602,6.956000,7.132533,7.302390,7.464754,7.618802,7.763711,7.898663,8.022847,8.135464,8.235733,8.322892,8.396208,8.454976,8.498524,8.526222,8.537482,8.531762,8.508573,8.467480,8.408106,8.330137,8.233324,8.117484,7.982505,7.828349,7.655049,7.462716,7.251535,7.021770,6.773761,6.507926,6.224757,5.924822,5.608764,5.277294,4.931196,4.571317,4.198567,3.813917,3.418391,3.013065,2.599059,2.177536,1.749693,1.316757,0.879982,0.440635,0.000000
0.000000,0.050202,0.100678,0.151699,0.203538,0.256465,0.310749,0.366656,0.424450,0.484391,0.546736,0.611735,0.679636,0.750678,0.825093,0.903107,0.984934,1.070779,1.160837,1.255288,1.354300,1.458025,1.566598,1.680136,1.798737,1.922477,2.051411,2.185568,2.324953,2.469542,2.619283,2.774097,2.933868,3.098453,3.267672,3.441312,3.619122,3.800817,3.986075,4.174536,4.365803,4.559442,4.754979,4.951909,5.149686,5.347732,5.545435,5.742150,5.937203,6.129891,6.319487,6.505238,6.686373,6.862102,7.031624,7.194125,7.348785,7.494781,7.631292,7.757504,7.872611,7.975821,8.066364,8.143490,8.206480,8.254646,8.287337,8.303945,8.303907,8.286710,8.251895,8.199062,8.127869,8.038044,7.929378,7.801734,7.655049,7.489333,7.304672,7.101232,6.879254,6.639060,6.381050,6.105701,5.813567,5.505279,5.181538,4.843120,4.490867,4.125685,3.748542,3.360463,2.962525,2.555853,2.141613,1.721010,1.295279,0.865678,0.433488,0.000000
0.000000,0.046101,0.092463,0.139347,0.187013,0.235719,0.285724,0.337283,0.390649,0.446074,0.503805,0.564084,0.627151,0.693240,0.762577,0.835383,0.911869,0.992240,1.076688,1.165395,1.258529,1.356248,1.458689,1.565978,1.678218,1.795496,1.917877,2.045402,2.178089,2.315930,2.458888,2.606902,2.759875,2.917683,3.080167,3.247135,3.418361,3.593582,3.772499,3.954776,4.140042,4.327886,4.517860,4.709482,4.902230,5.095549,5.288850,5.481509,5.672872,5.862257,6.048951,6.232221,6.411308,6.585436,6.753812,6.915633,7.070085,7.216349,7.353607,7.481043,7.597849,7.703230,7.796407,7.876624,7.943148,7.995281,8.032356,8.053750,8.058881,8.047217,8.018280,7.971648,7.906958,7.823915,7.722288,7.601917,7.462716,7.304672,7.127852,6.932397,6.718531,6.486554,6.236850,5.969878,5.686177,5.386363,5.071128,4.741233,4.397513,4.040866,3.672255,3.292699,2.903273,2.505100,2.099345,1.687214,1.269943,0.848793,0.425047,0.000000
0.000000,0.042256,0.084760,0.127762,0.171508,0.216247,0.262224,0.309683,0.358868,0.410019,0.463374,0.519167,0.577629,0.638987,0.703461,0.771267,0.842612,0.917696,0.996712,1.079839,1.167248,1.259096,1.355527,1.456668,1.562631,1.673509,1.789377,1.910286,2.036266,2.167322,2.303434,2.444553,2.590603,2.741477,2.897036,3.057109,3.221491,3.389942,3.562186,3.737912,3.916771,4.098377,4.282310,4.468108,4.655277,4.843285,5.031566,5.219520,5.406516,5.591890,5.774954,5.954988,6.131255,6.302993,6.469423,6.629753,6.783181,6.928896,7.066085,7.193939,7.311649,7.418423,7.513478,7.596054,7.665413,7.720847,7.761681,7.787279,7.797046,7.790437,7.766956,7.726164,7.667681,7.591192,7.496445,7.383262,7.251535,7.101232,6.932397,6.745153,6.539703,6.316329,6.075393,5.817340,5.542691,5.252045,4.946079,4.625543,4.291256,3.944107,3.585047,3.215088,2.835295,2.446785,2.050717,1.648292,1.240740,0.829319,0.415309,0.000000
0.000000,0.038655,0.077545,0.116908,0.156978,0.197990,0.240179,0.283777,0.329016,0.376127,0.425336,0.476869,0.530948,0.587791,0.647613,0.710623,0.777022,0.847008,0.920768,0.998482,1.080319,1.166437,1.256981,1.352083,1.451860,1.556410,1.665815,1.780136,1.899413,2.023664,2.152881,2.287030,2.426051,2.569854,2.718318,2.871293,3.028594,3.190003,3.355266,3.524095,3.696166,3.871118,4.048554,4.228038,4.409102,4.591238,4.773904,4.956527,5.138497,5.319176,5.497895,5.673959,5.846648,6.015220,6.178914,6.336953,6.488549,6.632904,6.769215,6.896680,7.014501,7.121886,7.218057,7.302254,7.373738,7.431798,7.475754,7.504962,7.518819,7.516770,7.498306,7.462975,7.410383,7.340198,7.252154,7.146053,7.021770,6.879254,6.718531,6.539703,6.342954,6.128548,5.896828,5.648218,5.383223,5.102423,4.806479,4.496122,4.172158,3.835458,3.486961,3.127664,2.758619,2.380931,1.995747,1.604256,1.207678,0.807262,0.404275,0.000000
0.000000,0.035285,0.070794,0.106749,0.143373,0.180889,0.219519,0.259483,0.301002,0.344295,0.389580,0.437071,0.486981,0.539520,0.594895,0.653306,0.714952,0.780024,0.848704,0.921170,0.997590,1.078120,1.162907,1.252084,1.345771,1.444072,1.547075,1.654847,1.767438,1.884875,2.007163,2.134282,2.266185,2.402798,2.544018,2.689713,2.839717,2.993833,3.151831,3.313443,3.478369,3.646274,3.816783,3.989488,4.163944,4.339671,4.516153,4.692840,4.869150,5.044469,5.218153,5.389530,5.557903,5.722551,5.882734,6.037695,6.186663,6.328856,6.463487,6.589766,6.706905,6.814123,6.910650,6.995729,7.068626,7.128631,7.175064,7.207278,7.224668,7.226670,7.212770,7.182507,7.135474,7.071329,6.989791,6.890649,6.773761,6.639060,6.486554,6.316329,6.128548,5.923457,5.701379,5.462719,5.207962,4.937670,4.652482,4.353111,4.040343,3.715032,3.378095,3.030512,2.673318,2.307598,1.934484,1.555146,1.170788,0.782641,0.391957,0.000000
0.000000,0.032136,0.064481,0.097248,0.130645,0.164882,0.200170,0.236717,0.274731,0.314421,0.355992,0.399650,0.445597,0.494034,0.545159,0.599167,0.656247,0.716584,0.780358,0.847741,0.918898,0.993983,1.073144,1.156513,1.244213,1.336350,1.433017,1.534288,1.640219,1.750847,1.866187,1.986229,2.110941,2.240262,2.374107,2.512359,2.654872,2.801468,2.951937,3.106035,3.263484,3.423972,3.587150,3.752635,3.920008,4.088815,4.258566,4.428740,4.598781,4.768100,4.936080,5.102075,5.265414,5.425401,5.581318,5.732432,5.877991,6.017236,6.149397,6.273702,6.389378,6.495658,6.591783,6.677008,6.750607,6.811876,6.860138,6.894752,6.915110,6.920650,6.910852,6.885250,6.843434,6.785049,6.709807,6.617484,6.507926,6.381050,6.236850,6.075393,5.896828,5.701379,5.489351,5.261129,5.017176,4.758032,4.484316,4.196718,3.896002,3.582997,3.258600,2.923766,2.579508,2.226887,1.867011,1.501028,1.130118,0.755489,0.378369,0.000000
0.000000,0.029193,0.058582,0.088367,0.118743,0.149908,0.182059,0.215394,0.250107,0.286396,0.324455,0.364479,0.406660,0.451190,0.498257,0.548047,0.600743,0.656522,0.715559,0.778020,0.844066,0.913851,0.987516,1.065197,1.147015,1.233078,1.323483,1.418308,1.517616,1.621449,1.729831,1.842764,1.960227,2.082171,2.208526,2.339192,2.474038,2.612906,2.755606,2.901915,3.051578,3.204305,3.359772,3.517622,3.677462,3.838864,4.001367,4.164476,4.327662,4.490367,4.652001,4.811946,4.969558,5.124168,5.275086,5.421604,5.562995,5.698523,5.827441,5.948999,6.062444,6.167026,6.262003,6.346647,6.420242,6.482097,6.531545,6.567951,6.590713,6.599271,6.593108,6.571757,6.534804,6.481891,6.412722,6.327066,6.224757,6.105701,5.969878,5.817340,5.648218,5.462719,5.261129,5.043810,4.811204,4.563830,4.302279,4.027219,3.739386,3.439584,3.128683,2.807610,2.477349,2.138933,1.793442,1.441992,1.085736,0.725851,0.363535,0.000000
0.000000,0.026444,0.053071,0.080068,0.107617,0.135904,0.165112,0.195427,0.227032,0.260112,0.294851,0.331430,0.370034,0.410841,0.454033,0.499784,0.548271,0.599663,0.654127,0.711824,0.772911,0.837535,0.905837,0.977949,1.053992,1.134076,1.218297,1.306737,1.399464,1.496525,1.597952,1.703755,1.813922,1.928419,2.047186,2.170137,2.297160,2.428113,2.562824,2.701092,2.842682,2.987329,3.134731,3.284558,3.436441,3.589980,3.744743,3.900262,4.056039,4.211543,4.366216,4.519469,4.670687,4.819233,4.964444,5.105641,5.242127,5.373192,5.498116,5.616174,5.726636,5.828778,5.921877,6.005223,6.078121,6.139894,6.189890,6.227486,6.252089,6.263148,6.260152,6.242638,6.210191,6.162454,6.099127,6.019974,5.924822,5.813567,5.686177,5.542691,5.383223,5.207962,5.017176,4.811204,4.590467,4.355456,4.106740,3.844956,3.570813,3.285084,2.988608,2.682279,2.367049,2.043916,1.713926,1.378159,1.037733,0.693787,0.347484,0.000000
0.000000,0.023876,0.047923,0.072313,0.097217,0.122807,0.149254,0.176731,0.205409,0.235461,0.267058,0.300373,0.335576,0.372838,0.412328,0.454213,0.498658,0.545826,0.595877,0.648963,0.705236,0.764838,0.827906,0.894569,0.964946,1.039145,1.117263,1.199385,1.285579,1.375899,1.470381,1.569043,1.671881,1.778872,1.889966,2.005093,2.124153,2.247022,2.373545,2.503541,2.636796,2.773065,2.912074,3.053513,3.197043,3.342290,3.488849,3.636283,3.784123,3.931871,4.078997,4.224945,4.369133,4.510954,4.649779,4.784959,4.915830,5.041712,5.161916,5.275745,5.382498,5.481476,5.571984,5.653336,5.724858,5.785895,5.835814,5.874007,5.899898,5.912946,5.912653,5.898561,5.870262,5.827402,5.769681,5.696861,5.608764,5.505279,5.386363,5.252045,5.102423,4.937670,4.758032,4.563830,4.355456,4.133380,3.898138,3.650341,3.390663,3.119846,2.838691,2.548057,2.248857,1.942051,1.628643,1.309674,0.986216,0.659370,0.330254,0.000000
0.000000,0.021477,0.043112,0.065064,0.087492,0.110554,0.134409,0.159217,0.185137,0.212330,0.240956,0.271174,0.303145,0.337027,0.372980,0.411161,0.451726,0.494827,0.540615,0.589239,0.640839,0.695554,0.753515,0.814846,0.879664,0.948074,1.020173,1.096044,1.175759,1.259374,1.346929,1.438447,1.533933,1.633371,1.736722,1.843928,1.954902,2.069535,2.187691,2.309204,2.433882,2.561503,2.691812,2.824527,2.959334,3.095886,3.233808,3.372691,3.512099,3.651563,3.790588,3.928651,4.065203,4.199672,4.331463,4.459962,4.584539,4.704548,4.819334,4.928232,5.030574,5.125692,5.212922,5.291604,5.361093,5.420759,5.469991,5.508203,5.534840,5.549377,5.551328,5.540251,5.515745,5.477463,5.425109,5.358446,5.277294,5.181538,5.071128,4.946079,4.806479,4.652482,4.484316,4.302279,4.106740,3.898138,3.676983,3.443850,3.199380,2.944277,2.679304,2.405278,2.123069,1.833592,1.537807,1.236707,0.931317,0.622687,0.311888,0.000000
0.000000,0.019234,0.038613,0.058284,0.078391,0.099082,0.120502,0.142799,0.166119,0.190611,0.216422,0.243701,0.272597,0.303256,0.335827,0.370457,0.407291,0.446474,0.488146,0.532446,0.579510,0.629468,0.682444,0.738558,0.797922,0.860638,0.926800,0.996492,1.069784,1.146734,1.227385,1.311765,1.399883,1.491732,1.587281,1.686483,1.789263,1.895527,2.005153,2.117993,2.233875,2.352596,2.473925,2.597605,2.723346,2.850831,2.979710,3.109608,3.240117,3.370805,3.501208,3.630838,3.759183,3.885707,4.009850,4.131038,4.248675,4.362154,4.470857,4.574155,4.671417,4.762008,4.845299,4.920664,4.987487,5.045169,5.093127,5.130801,5.157658,5.173195,5.176947,5.168485,5.147423,5.113425,5.066200,5.005517,4.931196,4.843120,4.741233,4.625543,4.496122,4.353111,4.196718,4.027219,3.844956,3.650341,3.443850,3.226025,2.997468,2.758843,2.510870,2.254322,1.990020,1.718831,1.441662,1.159456,0.873182,0.583837,0.292435,0.000000
0.000000,0.017134,0.034401,0.051934,0.069865,0.088329,0.107459,0.127389,0.148255,0.170192,0.193335,0.217821,0.243786,0.271368,0.300702,0.331925,0.365171,0.400574,0.438266,0.478377,0.521033,0.566357,0.614466,0.665473,0.719485,0.776600,0.836909,0.900491,0.967417,1.037746,1.111521,1.188773,1.269516,1.353748,1.441447,1.532574,1.627066,1.724841,1.825792,1.929789,2.036675,2.146269,2.258363,2.372721,2.489081,2.607152,2.726615,2.847123,2.968303,3.089754,3.211048,3.331735,3.451337,3.569358,3.685278,3.798559,3.908649,4.014979,4.116969,4.214034,4.305580,4.391012,4.469737,4.541167,4.604722,4.659835,4.705957,4.742557,4.769131,4.785201,4.790324,4.784092,4.766136,4.736132,4.693804,4.638923,4.571317,4.490867,4.397513,4.291256,4.172158,4.040343,3.896002,3.739386,3.570813,3.390663,3.199380,2.997468,2.785489,2.564064,2.333866,2.095618,1.850090,1.598096,1.340485,1.078142,0.811980,0.542932,0.271951,0.000000
0.000000,0.015165,0.030451,0.045977,0.061864,0.078233,0.095205,0.112902,0.131446,0.150961,0.171571,0.193398,0.216569,0.241208,0.267439,0.295387,0.325177,0.356931,0.390771,0.426817,0.465186,0.505993,0.549346,0.595352,0.644110,0.695713,0.750247,0.807790,0.868409,0.932161,0.999090,1.069229,1.142595,1.219190,1.299000,1.381993,1.468116,1.557297,1.649445,1.744444,1.842155,1.942417,2.045042,2.149819,2.256510,2.364851,2.474552,2.585300,2.696751,2.808540,2.920275,3.031543,3.141906,3.250905,3.358064,3.462885,3.564859,3.663459,3.758150,3.848387,3.933620,4.013297,4.086866,4.153780,4.213497,4.265490,4.309244,4.344264,4.370076,4.386233,4.392318,4.387947,4.372772,4.346486,4.308826,4.259576,4.198567,4.125685,4.040866,3.944107,3.835458,3.715032,3.582997,3.439584,3.285084,3.119846,2.944277,2.758843,2.564064,2.360514,2.148814,1.929638,1.703697,1.471748,1.234580,0.993013,0.747895,0.500095,0.250498,0.000000
0.000000,0.013315,0.026738,0.040376,0.054338,0.068731,0.083665,0.099250,0.115594,0.132810,0.151008,0.170300,0.190799,0.212617,0.235868,0.260665,0.287120,0.315345,0.345451,0.377548,0.411743,0.448141,0.486843,0.527946,0.571542,0.617719,0.666556,0.718127,0.772495,0.829714,0.889830,0.952875,1.018867,1.087812,1.159701,1.234509,1.312192,1.392690,1.475921,1.561786,1.650163,1.740907,1.833854,1.928814,2.025574,2.123898,2.223525,2.324172,2.425530,2.527267,2.629030,2.730443,2.831108,2.930609,3.028511,3.124361,3.217693,3.308026,3.394871,3.477729,3.556096,3.629464,3.697327,3.759182,3.814531,3.862887,3.903776,3.936740,3.961341,3.977166,3.983828,3.980970,3.968268,3.945437,3.912230,3.868443,3.813917,3.748542,3.672255,3.585047,3.486961,3.378095,3.258600,3.128683,2.988608,2.838691,2.679304,2.510870,2.333866,2.148814,1.956286,1.756896,1.551298,1.340184,1.124279,0.904335,0.681130,0.455463,0.228145,0.000000
0.000000,0.011571,0.023237,0.035094,0.047237,0.059762,0.072767,0.086347,0.100601,0.115627,0.131524,0.148391,0.166330,0.185440,0.205822,0.227578,0.250809,0.275614,0.302095,0.330349,0.360474,0.392563,0.426710,0.463001,0.501522,0.542352,0.585564,0.631227,0.679398,0.730131,0.783466,0.839435,0.898059,0.959346,1.023290,1.089872,1.159056,1.230790,1.305007,1.381618,1.460518,1.541582,1.624663,1.709595,1.796190,1.884239,1.973509,2.063749,2.154683,2.246017,2.337432,2.428594,2.519145,2.608713,2.696905,2.783316,2.867526,2.949101,3.027600,3.102573,3.173565,3.240116,3.301768,3.358065,3.408556,3.452798,3.490362,3.520831,3.543806,3.558911,3.565792,3.564123,3.553608,3.533985,3.505026,3.466544,3.418391,3.360463,3.292699,3.215088,3.127664,3.030512,2.923766,2.807610,2.682279,2.548057,2.405278,2.254322,2.095618,1.929638,1.756896,1.577948,1.393385,1.203831,1.009942,0.812398,0.611905,0.409182,0.204965,0.000000
0.000000,0.009921,0.019924,0.030094,0.040513,0.051266,0.062436,0.074109,0.086369,0.099303,0.112997,0.127539,0.143016,0.159517,0.177131,0.195946,0.216052,0.237537,0.260489,0.284996,0.311144,0.339016,0.368694,0.400258,0.433782,0.469339,0.506993,0.546806,0.588833,0.633120,0.679706,0.728622,0.779887,0.833511,0.889491,0.947813,1.008447,1.071351,1.136467,1.203720,1.273021,1.344259,1.417310,1.492028,1.568250,1.645794,1.724456,1.804016,1.884232,1.964846,2.045579,2.126134,2.206198,2.285441,2.363517,2.440069,2.514723,2.587097,2.656799,2.723430,2.786586,2.845859,2.900841,2.951128,2.996316,3.036013,3.069834,3.097408,3.118378,3.132408,3.139180,3.138404,3.129813,3.113170,3.088272,3.054949,3.013065,2.962525,2.903273,2.835295,2.758619,2.673318,2.579508,2.477349,2.367049,2.248857,2.123069,1.990020,1.850090,1.703697,1.551298,1.393385,1.230481,1.063143,0.891952,0.717513,0.540451,0.361408,0.181037,0.000000
0.000000,0.008352,0.016775,0.025340,0.034119,0.043182,0.052601,0.062451,0.072802,0.083729,0.095307,0.107610,0.120713,0.134693,0.149625,0.165588,0.182656,0.200907,0.220418,0.241263,0.263516,0.287252,0.312541,0.339452,0.368050,0.398399,0.430556,0.464574,0.500503,0.538384,0.578252,0.620134,0.664050,0.710009,0.758011,0.808045,0.860088,0.914105,0.970048,1.027854,1.087447,1.148736,1.211614,1.275956,1.341624,1.408462,1.476296,1.544936,1.614176,1.683793,1.753547,1.823182,1.892429,1.961002,2.028603,2.094922,2.159638,2.222417,2.282922,2.340805,2.395717,2.447303,2.495208,2.539081,2.578571,2.613336,2.643041,2.667362,2.685988,2.698625,2.704997,2.704846,2.697942,2.684076,2.663068,2.634769,2.599059,2.555853,2.505100,2.446785,2.380931,2.307598,2.226887,2.138933,2.043916,1.942051,1.833592,1.718831,1.598096,1.471748,1.340184,1.203831,1.063143,0.918603,0.770715,0.620005,0.467017,0.312306,0.156443,0.000000
0.000000,0.006854,0.013766,0.020797,0.028005,0.035449,0.043190,0.051288,0.059803,0.068797,0.078332,0.088470,0.099275,0.110809,0.123136,0.136321,0.150428,0.165521,0.181664,0.198920,0.217353,0.237023,0.257990,0.280313,0.304048,0.329246,0.355959,0.384231,0.414104,0.445614,0.478791,0.513659,0.550236,0.588531,0.628545,0.670270,0.713687,0.758770,0.805478,0.853762,0.903559,0.954792,1.007374,1.061202,1.116161,1.172121,1.228938,1.286453,1.344495,1.402875,1.461396,1.519841,1.577986,1.635591,1.692407,1.748171,1.802616,1.855460,1.906420,1.955204,2.001516,2.045058,2.085532,2.122641,2.156088,2.185585,2.210848,2.231604,2.247591,2.258558,2.264271,2.264513,2.259088,2.247818,2.230550,2.207157,2.177536,2.141613,2.099345,2.050717,1.995747,1.934484,1.867011,1.793442,1.713926,1.628643,1.537807,1.441662,1.340485,1.234580,1.124279,1.009942,0.891952,0.770715,0.646656,0.520219,0.391861,0.262052,0.131270,0.000000
0.000000,0.005414,0.010874,0.016429,0.022125,0.028009,0.034131,0.040537,0.047277,0.054399,0.061953,0.069989,0.078557,0.087708,0.097493,0.107965,0.119174,0.131171,0.144010,0.157739,0.172411,0.188075,0.204778,0.222569,0.241492,0.261591,0.282905,0.305471,0.329325,0.354494,0.381005,0.408877,0.438125,0.468757,0.500775,0.534173,0.568938,0.605048,0.642473,0.681173,0.721098,0.762188,0.804374,0.847573,0.891695,0.936634,0.982276,1.028495,1.075152,1.122097,1.169170,1.216200,1.263004,1.309391,1.355159,1.400099,1.443993,1.486617,1.527739,1.567127,1.604540,1.639739,1.672483,1.702530,1.729643,1.753587,1.774134,1.791062,1.804157,1.813219,1.818056,1.818493,1.814370,1.805543,1.791887,1.773298,1.749693,1.721010,1.687214,1.648292,1.604256,1.555146,1.501028,1.441992,1.378159,1.309674,1.236707,1.159456,1.078142,0.993013,0.904335,0.812398,0.717513,0.620005,0.520219,0.418513,0.315255,0.210825,0.105609,0.000000
0.000000,0.004020,0.008075,0.012200,0.016431,0.020803,0.025353,0.030116,0.035128,0.040427,0.046049,0.052032,0.058414,0.065233,0.072528,0.080337,0.088698,0.097652,0.107236,0.117489,0.128450,0.140155,0.152641,0.165945,0.180099,0.195137,0.211089,0.227984,0.245848,0.264702,0.284567,0.305457,0.327385,0.350356,0.374373,0.399432,0.425524,0.452632,0.480734,0.509801,0.539795,0.570673,0.602382,0.634862,0.668043,0.701847,0.736189,0.770973,0.806096,0.841446,0.876901,0.912333,0.947605,0.982573,1.017084,1.050981,1.084099,1.116270,1.147321,1.177072,1.205346,1.231959,1.256730,1.279477,1.300020,1.318182,1.333789,1.346674,1.356676,1.363642,1.367426,1.367897,1.364933,1.358423,1.348275,1.334407,1.316757,1.295279,1.269943,1.240740,1.207678,1.170788,1.130118,1.085736,1.037733,0.986216,0.931317,0.873182,0.811980,0.747895,0.681130,0.611905,0.540451,0.467017,0.391861,0.315255,0.237476,0.158812,0.079555,0.000000
0.000000,0.002661,0.005344,0.008075,0.010876,0.013772,0.016785,0.019940,0.023262,0.026774,0.030501,0.034470,0.038703,0.043228,0.048070,0.053254,0.058807,0.064755,0.071123,0.077938,0.085224,0.093007,0.101312,0.110161,0.119580,0.129588,0.140207,0.151456,0.163352,0.175910,0.189144,0.203065,0.217679,0.232992,0.249005,0.265716,0.283118,0.301202,0.319953,0.339351,0.359371,0.379985,0.401158,0.422849,0.445012,0.467596,0.490543,0.513790,0.537267,0.560901,0.584609,0.608307,0.631902,0.655298,0.678394,0.701083,0.723257,0.744802,0.765601,0.785537,0.804487,0.822332,0.838948,0.854214,0.868009,0.880214,0.890714,0.899394,0.906148,0.910873,0.913471,0.913854,0.911939,0.907652,0.900931,0.891722,0.879982,0.865678,0.848793,0.829319,0.807262,0.782641,0.755489,0.725851,0.693787,0.659370,0.622687,0.583837,0.542932,0.500095,0.455463,0.409182,0.361408,0.312306,0.262052,0.210825,0.158812,0.106207,0.053203,0.000000
0.000000,0.001324,0.002661,0.004020,0.005415,0.006857,0.008358,0.009929,0.011584,0.013334,0.015191,0.017169,0.019280,0.021536,0.023950,0.026536,0.029306,0.032274,0.035451,0.038852,0.042489,0.046375,0.050521,0.054940,0.059644,0.064643,0.069947,0.075567,0.081512,0.087788,0.094402,0.101360,0.108666,0.116322,0.124329,0.132686,0.141390,0.150435,0.159815,0.169520,0.179537,0.189853,0.200449,0.211306,0.222400,0.233707,0.245196,0.256837,0.268594,0.280431,0.292307,0.304178,0.316000,0.327724,0.339298,0.350670,0.361786,0.372587,0.383017,0.393015,0.402521,0.411474,0.419813,0.427476,0.434404,0.440535,0.445814,0.450181,0.453584,0.455971,0.457293,0.457504,0.456565,0.454438,0.451091,0.446497,0.440635,0.433488,0.425047,0.415309,0.404275,0.391957,0.378369,0.363535,0.347484,0.330254,0.311888,0.292435,0.271951,0.250498,0.228145,0.204965,0.181037,0.156443,0.131270,0.105609,0.079555,0.053203,0.026652,0.000000
0.000000,0.000000,0.000000,0.000000,0.000000,0.000000,0.000000,0.000000,0.000000,0.000000,0.000000,0.000000,0.000000,0.000000,0.000000,0.000000,0.000000,0.000000,0.000000,0.000000,0.000000,0.000000,0.000000,0.000000,0.000000,0.000000,0.000000,0.000000,0.000000,0.000000,0.000000,0.000000,0.000000,0.000000,0.000000,0.000000,0.000000,0.000000,0.000000,0.000000,0.000000,0.000000,0.000000,0.000000,0.000000,0.000000,0.000000,0.000000,0.000000,0.000000,0.000000,0.000000,0.000000,0.000000,0.000000,0.000000,0.000000,0.000000,0.000000,0.000000,0.000000,0.000000,0.000000,0.000000,0.000000,0.000000,0.000000,0.000000,0.000000,0.000000,0.000000,0.000000,0.000000,0.000000,0.000000,0.000000,0.000000,0.000000,0.000000,0.000000,0.000000,0.000000,0.000000,0.000000,0.000000,0.000000,0.000000,0.000000,0.000000,0.000000,0.000000,0.000000,0.000000,0.000000,0.000000,0.000000,0.000000,0.000000,0.000000,0.000000
